mode	scene	ticks	advection_ms	physics_ms	per_tick_ms	volume	expected	error	vmax	active_cells	active_chunks	momentum_x	momentum_y	ke
none	still_pool	120	0.00027	15.6128	17.1053	6360	6360	-0.000353701	7.9935	6455	52	-13.4328	-148.71	721.207
none	dam_break	120	0.000353333	22.0066	18.1864	4615	4615	-0.000197355	3.68036	4689	41	-48.8747	277.145	84.7991
none	waterfall	120	0.00101667	37.9524	31.2198	1176	1176	-0.000334096	79.8661	1443	54	-2861.33	19991.3	1.06669e+06
none	narrow_nozzle	90	0.000376667	16.4808	14.254	3293	3293	-0.000528894	0.267475	3293	43	0.0101492	0.160101	1.63082
fou	still_pool	120	2.53578	31.5624	32.2183	6360	6360	-0.000323203	5.24236	6504	55	-145.4	-76.997	203.968
fou	dam_break	120	1.89954	24.1536	23.9483	4615	4615	-0.000230744	1.00935	4686	41	7.04779	161.924	32.2153
fou	waterfall	120	3.6574	27.454	23.017	1176	1176	-0.000136018	36.9927	1354	41	9741.71	10616.7	219249
fou	narrow_nozzle	90	2.41584	19.4206	18.0676	3293	3293	-0.000464581	0.27456	3293	43	-0.0341344	0.16137	1.13935
nsl	still_pool	120	3.16749	31.2047	31.3489	6360	6360	-0.000293205	11.5776	6472	59	135.984	-65.4945	890.633
nsl	dam_break	120	2.29892	24.212	25.7721	4615	4615	-0.000220306	2.7978	4686	41	-50.0288	284.967	71.7748
nsl	waterfall	120	3.84555	26.146	21.6032	1176	1176	-0.000236257	42.23	1380	53	16376.4	12054.1	364672
nsl	narrow_nozzle	90	2.05587	15.3612	14.2142	3293	3293	-0.000482582	0.294862	3293	43	0.0139653	0.161666	1.70731
sl	still_pool	120	2.79419	26.333	26.0044	6360	6360	-0.00035104	4.87095	6513	58	-107.809	-41.2997	129.627
sl	dam_break	120	2.1328	20.747	20.801	4615	4615	-0.000250578	2.52868	4687	41	44.7083	170.9	38.1995
sl	waterfall	120	3.95535	26.2001	21.7459	1176	1176	-0.000126432	40.3272	1377	45	10312.9	11044.4	240226
sl	narrow_nozzle	90	2.33411	16.1869	14.596	3293	3293	-0.000528716	0.315059	3293	43	-0.0245071	0.159163	1.78125
maccormack	still_pool	120	7.66011	27.981	29.6674	6360	6360	-0.000319758	8.26028	6481	55	93.2321	-95.9981	663.145
maccormack	dam_break	120	6.2435	24.985	25.2757	4615	4615	-0.000176106	2.24141	4688	41	13.4663	206.236	52.5212
maccormack	waterfall	120	17.9236	53.9218	37.9496	1176	1176	-0.000126515	64.9948	1485	55	12571.9	13808.7	433658
maccormack	narrow_nozzle	90	6.9477	21.8529	20.1845	3293	3293	-0.000484787	0.303018	3293	43	-0.0279386	0.160389	2.13403
bfecc	still_pool	120	7.67281	26.9235	30.149	6360	6360	-0.000334705	4.96248	6506	52	-52.2549	-156.14	156.45
bfecc	dam_break	120	6.21261	24.9781	25.5053	4615	4615	-0.000205025	1.6071	4686	41	44.8487	156.202	43.7063
bfecc	waterfall	120	12.0624	36.5123	27.9871	1176	1176	-0.000125663	44.9984	1561	52	15509.6	5413.75	219374
bfecc	narrow_nozzle	90	6.60946	20.4942	18.6819	3293	3293	-0.000420056	0.280501	3293	42	-0.148282	0.173254	3.78526
