case	tick	volume	expected	error	n_any	n_visible	n_subvis	y_span	y_min	max_fill	splashes	frozen_vis	holes	active_chunks
single_drop	0	1	1	0	1	1	0	1	36	1	0	1	0	9
single_drop	1	1	1	2.04891e-08	2	1	1	2	36	0.9782	0	0	0	9
single_drop	5	1	1	-2.98023e-08	3	2	1	3	36	0.6037	1	0	0	9
single_drop	15	1	1	1.22003e-07	3	2	1	3	40	0.766255	1	0	0	9
single_drop	30	1	1	1.15484e-07	3	2	1	3	46	0.583536	2	0	0	12
single_drop	60	1	1	-2.0396e-07	4	3	1	53	59	0.628282	2	0	0	21
single_drop	90	1	1	-4.82425e-07	4	2	2	40	72	0.647581	0	0	0	15
four_cell	0	4	4	0	4	4	0	2	30	1	0	2	0	9
four_cell	15	4	4	-7.6741e-07	6	5	1	6	32	1	0	0	0	9
four_cell	45	4	4	-2.06567e-06	7	4	3	5	48	1	1	0	0	12
four_cell	90	4	4	-3.38722e-06	9	6	3	41	71	1	0	0	0	11
still_pool	0	6360	6360	0	6360	6360	0	40	72	1	0	0	0	65
still_pool	120	6360	6360	-0.00142731	6470	6437	33	42	70	1	15	0	0	52
dam_break	0	4615	4615	0	4615	4615	0	65	47	1	0	0	0	49
dam_break	90	4613.1	4613.1	-0.000856123	4687	4686	1	67	45	1	25	0	0	41
dam_break	max_holes	0
sealed_cup	ok	25	25
sealed_cup	1	26.75	26.75	2.98023e-08	28	28	0	5	42	1	0	5	0	12
thin_wall	ok	630	630
thin_wall	1	631.6	631.6	2.38418e-08	632	632	0	21	50	1	0	30	0	20
diag_corner	ok	0	0
diag_corner	1	1.75	0	1.75	2	2	0	1	40	1	0	0	0	9
void_escape	ok	0	0
void_escape	1	0	0	0	0	0	0	0	-1	0	0	0	0	0
walled_bounce	ok	0.5	0.5
walled_bounce	1	0.5	0.5	0	1	1	0	1	40	0.5	0	0	0	6
