section	A_soaked_hanging_wood
tick	time_s	body_id	free_liquid	absorbed_liquid	splash_liquid	pending_drip	total_liquid	emitted_this_tick	cumulative_emitted	source_site_count	outlet_site_count	active_outlets	avg_wetness	max_wetness	wet_pixel_count	body_mass
0	0	1	0	49.599998	0	0	49.599998	0	0	0	0	0	1	1	80	85.599991
1	0.033333335	1	0	49.564819	0.035182941	0.035182942	49.600002	0.035182942	0.035182942	32	2	1	0.99929065	1	80	85.564819
2	0.06666667	1	0	49.529964	0.070035425	0.034852482	49.6	0.034852482	0.070035424	32	2	1	0.99858797	1	80	85.529968
3	0.10000001	1	0	49.495438	0.10456395	0.034528527	49.600002	0.034528527	0.10456395	32	2	1	0.99789184	1	80	85.495438
4	0.13333334	1	0	49.461227	0.13877417	0.03421022	49.600002	0.03421022	0.13877417	32	2	1	0.9972021	1	80	85.461227
5	0.16666667	1	0	49.42733	0.17267095	0.033896782	49.600001	0.033896782	0.17267095	32	2	1	0.99651873	1	80	85.42733
6	0.20000002	1	0	49.393742	0.20625846	0.033587504	49.6	0.033587504	0.20625846	32	2	1	0.99584156	1	80	85.393738
7	0.23333335	1	0	49.360458	0.23954019	0.033281736	49.599999	0.033281736	0.23954019	32	2	1	0.99517053	0.99822664	80	85.360458
8	0.26666668	1	0	49.327568	0.27243236	0.032892168	49.6	0.032892168	0.27243236	32	2	1	0.99450737	0.99822664	80	85.327568
9	0.30000001	1	0	49.295052	0.30494669	0.032514326	49.599998	0.032514326	0.30494669	32	2	1	0.99385184	0.99822664	80	85.295052
10	0.33333334	1	0	49.262905	0.33709432	0.032147635	49.599999	0.032147635	0.33709432	32	2	1	0.9932037	0.99822664	80	85.262909
11	0.36666667	1	0	49.231113	0.36888589	0.031791568	49.599999	0.031791568	0.36888589	32	2	1	0.99256277	0.99822664	80	85.231117
12	0.40000004	1	0	49.199669	0.40033146	0.031445574	49.6	0.031445574	0.40033146	32	2	1	0.99192882	0.99822664	80	85.199669
13	0.43333337	1	0	49.16856	0.43144056	0.031109091	49.600001	0.031109091	0.43144055	32	2	1	0.9913016	0.99822664	80	85.168556
14	0.4666667	1	0	49.137775	0.46222223	0.030781675	49.599998	0.030781675	0.46222223	32	2	1	0.99068099	0.99822664	80	85.137779
15	0.5	1	0	49.107315	0.49268514	0.030462915	49.6	0.030462915	0.49268514	32	2	1	0.99006683	0.99822664	80	85.107315
16	0.53333336	1	0	49.07716	0.5228376	0.030152451	49.599997	0.030152451	0.5228376	32	2	1	0.98945892	0.99822664	80	85.077164
17	0.56666672	1	0	49.047314	0.55268751	0.029849913	49.600001	0.029849913	0.55268751	32	2	1	0.98885709	0.99822664	80	85.04731
18	0.60000002	1	0	49.017757	0.58224247	0.029554958	49.6	0.029554958	0.58224247	32	2	1	0.98826122	0.99822664	80	85.017754
19	0.63333338	1	0	48.988491	0.61150975	0.029267281	49.600001	0.029267281	0.61150975	32	2	1	0.98767114	0.99822664	80	84.988487
20	0.66666669	1	0	48.959503	0.64049632	0.028986573	49.599999	0.028986573	0.64049632	32	2	1	0.98708671	0.99822664	80	84.959503
21	0.70000005	1	0	48.93079	0.66920887	0.02871255	49.599999	0.02871255	0.66920887	32	2	1	0.98650783	0.99822664	80	84.930786
22	0.73333335	1	0	48.902344	0.69765382	0.028444951	49.599998	0.028444951	0.69765382	32	2	1	0.98593438	0.99822664	80	84.902344
23	0.76666671	1	0	48.874161	0.72583734	0.028183522	49.599998	0.028183522	0.72583734	32	2	1	0.98536617	0.99822664	80	84.874161
24	0.80000007	1	0	48.846233	0.75376535	0.02792801	49.599999	0.02792801	0.75376535	32	2	1	0.98480308	0.99822664	80	84.84623
25	0.83333337	1	0	48.818554	0.78144355	0.027678199	49.599997	0.027678199	0.78144355	32	2	1	0.98424506	0.99822664	80	84.818558
26	0.86666673	1	0	48.791122	0.80887743	0.02743388	49.6	0.02743388	0.80887743	32	2	1	0.98369193	0.99822664	80	84.791122
27	0.90000004	1	0	48.763927	0.83607226	0.027194832	49.6	0.027194832	0.83607226	32	2	1	0.98314369	0.99822664	80	84.763924
28	0.9333334	1	0	48.736965	0.86303314	0.026960872	49.599998	0.026960872	0.86303314	32	2	1	0.98260009	0.99822664	80	84.736969
29	0.9666667	1	0	48.710236	0.88976495	0.026731811	49.600001	0.026731811	0.88976495	32	2	1	0.98206115	0.99822664	80	84.710236
30	1	1	0	48.683727	0.91627237	0.02650742	49.6	0.02650742	0.91627237	32	2	1	0.98152673	0.99822664	80	84.683723
31	1.0333334	1	0	48.65744	0.94255989	0.026287518	49.6	0.026287518	0.94255989	32	2	1	0.98099673	0.99822664	80	84.65744
32	1.0666667	1	0	48.631367	0.96863184	0.026071953	49.599999	0.026071953	0.96863184	32	2	1	0.98047113	0.99822664	80	84.631363
33	1.1	1	0	48.605507	0.99449239	0.025860555	49.599999	0.025860555	0.99449239	32	2	1	0.97994971	0.99822664	80	84.605507
34	1.1333334	1	0	48.579853	1.0201456	0.02565321	49.599999	0.02565321	1.0201456	32	2	1	0.97943252	0.99822664	80	84.579849
35	1.1666667	1	0	48.554405	1.0455954	0.025449771	49.600001	0.025449771	1.0455954	32	2	1	0.97891945	0.99822664	80	84.554405
36	1.2	1	0	48.529152	1.0708455	0.025250116	49.599997	0.025250116	1.0708455	32	2	1	0.97841036	0.99822664	80	84.529152
37	1.2333333	1	0	48.504101	1.0958996	0.025054105	49.6	0.025054105	1.0958996	32	2	1	0.97790521	0.99822658	80	84.504097
38	1.2666668	1	0	48.479237	1.1207612	0.024861641	49.599998	0.024861641	1.1207612	32	2	1	0.977404	0.99822658	80	84.479233
39	1.3000001	1	0	48.454567	1.1454338	0.024672603	49.600001	0.024672603	1.1454338	32	2	1	0.97690654	0.99822658	80	84.454559
40	1.3333334	1	0	48.430077	1.1699207	0.02448689	49.599997	0.02448689	1.1699207	32	2	1	0.97641289	0.99822658	80	84.430077
41	1.3666668	1	0	48.405773	1.1942251	0.02430439	49.599998	0.02430439	1.1942251	32	2	1	0.97592282	0.99822658	80	84.405769
42	1.4000001	1	0	48.381649	1.2183501	0.024125017	49.599999	0.024125017	1.2183501	32	2	1	0.97543645	0.99822658	80	84.381645
43	1.4333334	1	0	48.3577	1.2422988	0.023948677	49.599999	0.023948677	1.2422988	32	2	1	0.97495365	0.99822646	80	84.357697
44	1.4666667	1	0	48.333923	1.2660741	0.023775278	49.599997	0.023775278	1.2660741	32	2	1	0.97447425	0.99822646	80	84.333923
45	1.5000001	1	0	48.310322	1.2896788	0.023604734	49.600001	0.023604734	1.2896788	32	2	1	0.97399837	0.99822646	80	84.310318
46	1.5333334	1	0	48.286884	1.3131158	0.023436964	49.6	0.023436964	1.3131158	32	2	1	0.97352588	0.99822646	80	84.28688
47	1.5666667	1	0	48.263611	1.3363877	0.023271881	49.599999	0.023271881	1.3363877	32	2	1	0.97305667	0.9982264	80	84.263611
48	1.6000001	1	0	48.240501	1.3594971	0.023109423	49.599998	0.023109423	1.3594971	32	2	1	0.97259074	0.9982264	80	84.240501
49	1.6333334	1	0	48.217552	1.3824466	0.022949515	49.599999	0.022949515	1.3824466	32	2	1	0.97212803	0.9982264	80	84.217552
50	1.6666667	1	0	48.194759	1.4052387	0.02279209	49.599998	0.02279209	1.4052387	32	2	1	0.97166854	0.9982264	80	84.194756
51	1.7	1	0	48.172123	1.4278758	0.022637071	49.599999	0.022637071	1.4278758	32	2	1	0.97121215	0.99822628	80	84.172119
52	1.7333335	1	0	48.149639	1.4278758	0.022484407	49.599999	0	1.4278758	32	0	0	0.97075886	0.99822628	80	84.149635
53	1.7666668	1	0	48.127304	1.4726942	0.044818427	49.599998	0.044818427	1.4726942	32	2	1	0.97030854	0.99822628	80	84.127304
54	1.8000001	1	0	48.105118	1.4726942	0.022185866	49.599998	0	1.4726942	32	0	0	0.96986127	0.99822617	80	84.105118
55	1.8333334	1	0.035182942	48.08308	1.481737	0.044225745	49.6	0.044225745	1.5169199	32	2	1	0.96941692	0.99822617	80	84.083076
56	1.8666668	1	0.070035428	48.061184	1.4468845	0.021896008	49.6	0	1.5169199	32	0	0	0.96897542	0.99822617	80	84.06118
57	1.9000001	1	0.10456395	48.039429	1.4560062	0.043650202	49.599999	0.043650202	1.5605701	32	2	1	0.96853685	0.99822611	80	84.039429
58	1.9333334	1	0.13877417	48.017815	1.421796	0.021614386	49.599999	0	1.5605701	32	0	0	0.96810108	0.99822611	80	84.017815
59	1.9666668	1	0.17267093	47.996338	1.4309901	0.04309091	49.599999	0.04309091	1.6036611	32	2	1	0.96766806	0.99822611	80	83.996338
60	2	1	0.20625843	47.974998	1.3974026	0.021340506	49.6	0	1.6036611	32	0	0	0.96723783	0.99822599	80	83.974998
61	2.0333335	1	0.23954016	47.953789	1.4066677	0.04254685	49.599997	0.04254685	1.6462079	32	2	1	0.96681029	0.99822587	80	83.953789
62	2.0666668	1	0.27243233	47.932716	1.3737755	0.021073954	49.599998	0	1.6462079	32	0	0	0.96638542	0.99822569	80	83.932716
63	2.1000001	1	0.30494666	47.911774	1.3832785	0.042017266	49.599999	0.042017266	1.6882252	32	2	1	0.96596318	0.99822539	80	83.911774
64	2.1333334	1	0.33709425	47.890957	1.3511308	0.020814376	49.599996	0	1.6882252	32	0	0	0.96554351	0.99822515	80	83.890961
65	2.1666667	1	0.36888582	47.87027	1.3608408	0.041501489	49.599996	0.041501489	1.7297267	32	2	1	0.96512645	0.99822485	80	83.87027
66	2.2	1	0.40033135	47.849709	1.3293952	0.020561479	49.599997	0	1.7297267	32	0	0	0.9647119	0.99822444	80	83.849709
67	2.2333333	1	0.43144044	47.829273	1.339285	0.040998928	49.599999	0.040998928	1.7707256	32	2	1	0.96429986	0.99822408	80	83.829269
68	2.2666669	1	0.4622221	47.808956	1.3085034	0.020314971	49.599997	0	1.7707256	32	0	0	0.96389025	0.99822366	80	83.80896
69	2.3000002	1	0.49268502	47.788765	1.3185494	0.040509	49.599999	0.040509	1.8112346	32	2	1	0.96348315	0.99822319	80	83.788765
70	2.3333335	1	0.52283746	47.768688	1.288397	0.020074572	49.599997	0	1.8112346	32	0	0	0.96307838	0.99822283	80	83.768692
71	2.3666668	1	0.52283746	47.748734	1.3284281	0.04003115	49.599999	0.04003115	1.8512657	32	2	1	0.96267605	0.99822223	80	83.748734
72	2.4000001	1	0.55268735	47.728893	1.2985782	0.019840028	49.599999	0	1.8512657	32	0	0	0.96227604	0.99822176	80	83.728889
73	2.4333334	1	0.58224231	47.709167	1.3085882	0.039564896	49.599998	0.039564896	1.8908306	32	2	1	0.96187836	0.99822116	80	83.709167
74	2.4666667	1	0.61150956	47.689556	1.2793209	0.019611098	49.599998	0	1.8908306	32	0	0	0.961483	0.99822062	80	83.68956
75	2.5000002	1	0.64049608	47.670059	1.2894441	0.039109755	49.599999	0.039109755	1.9299404	32	2	1	0.96108985	0.99821991	80	83.670059
76	2.5333335	1	0.6976536	47.650669	1.2322866	0.019387553	49.599997	0	1.9299404	32	0	0	0.96069896	0.99821937	80	83.650673
77	2.5666668	1	0.72583711	47.631393	1.2427683	0.038665295	49.599999	0.038665295	1.9686057	32	2	1	0.96031034	0.99821872	80	83.631393
78	2.6000001	1	0.75376512	47.612225	1.2148403	0.019169176	49.599999	0	1.9686057	32	0	0	0.95992386	0.998218	80	83.612221
79	2.6333334	1	0.78144331	47.593163	1.2253932	0.038231049	49.599999	0.038231049	2.0068367	32	2	1	0.95953953	0.99821734	80	83.593163
80	2.6666667	1	0.80887712	47.574207	1.1979593	0.018955782	49.6	0	2.0068367	32	0	0	0.95915735	0.99821669	80	83.574203
81	2.7	1	0.83607194	47.555355	1.2085711	0.037806667	49.599998	0.037806667	2.0446434	32	2	1	0.95877731	0.99821591	80	83.555351
82	2.7333336	1	0.86303278	47.53661	1.1816103	0.018747158	49.6	0	2.0446434	32	0	0	0.95839936	0.99821532	80	83.536606
83	2.7666669	1	0.88976457	47.517963	1.1922702	0.037391737	49.599998	0.037391737	2.0820351	32	2	1	0.95802343	0.99821454	80	83.51796
84	2.8000002	1	0.91627197	47.49942	1.1657628	0.018543128	49.599998	0	2.0820351	32	0	0	0.95764959	0.99821377	80	83.49942
85	2.8333335	1	0.94255944	47.480976	1.1764612	0.036985919	49.599997	0.036985919	2.1190211	32	2	1	0.95727777	0.99821299	80	83.480972
86	2.8666668	1	0.96863137	47.462635	1.1503892	0.018343523	49.599999	0	2.1190211	32	0	0	0.95690793	0.99821222	80	83.462631
87	2.9000001	1	0.99449194	47.444389	1.1611175	0.036588851	49.599999	0.036588851	2.1556099	32	2	1	0.95654011	0.99821138	80	83.444389
88	2.9333334	1	1.0201451	47.426239	1.1354643	0.018148201	49.599997	0	2.1556099	30	0	0	0.95617419	0.99821061	80	83.426239
89	2.9666669	1	1.0455948	47.408176	1.1462256	0.036211077	49.599997	0.036211077	2.191821	30	2	1	0.95581001	0.99820977	80	83.40818
90	3.0000002	1	1.070845	47.390198	1.1209755	0.017978396	49.599997	0	2.191821	30	0	0	0.95544755	0.99820888	80	83.390198
91	3.0333335	1	1.0958991	47.372303	1.1317946	0.035873152	49.599997	0.035873152	2.2276941	30	2	1	0.95508677	0.99820811	80	83.372307
92	3.0666668	1	1.1207607	47.354492	1.1069329	0.017811922	49.599998	0	2.2276941	30	0	0	0.95472765	0.99820733	80	83.354492
93	3.1000001	1	1.1454333	47.336765	1.1178021	0.03554181	49.600001	0.03554181	2.2632359	30	2	1	0.9543702	0.9982065	80	83.336761
94	3.1333334	1	1.1699202	47.319115	1.0933152	0.017648635	49.599999	0	2.2632359	30	0	0	0.95401442	0.99820554	80	83.319115
95	3.1666667	1	1.1942245	47.301548	1.1042276	0.035216771	49.6	0.035216771	2.2984527	30	2	1	0.95366019	0.99820465	80	83.301544
96	3.2000003	1	1.2183496	47.284058	1.0801026	0.017488364	49.599998	0	2.2984527	30	0	0	0.95330763	0.99820203	80	83.284058
97	3.2333336	1	1.2422982	47.266647	1.0910516	0.03489764	49.599997	0.03489764	2.3333504	30	2	1	0.95295662	0.99819744	80	83.266647
98	3.2666669	1	1.2660735	47.249317	1.0672763	0.017330887	49.599998	0	2.3333504	30	0	0	0.95260721	0.99819082	80	83.249321
99	3.3000002	1	1.2896782	47.232059	1.0782626	0.034591004	49.6	0.034591004	2.3679414	28	2	1	0.95225924	0.99818224	80	83.232056
100	3.3333335	1	1.3131152	47.214867	1.0548256	0.017192885	49.6	0	2.3679414	28	0	0	0.95191258	0.99817175	80	83.214867
101	3.3666668	1	1.3363871	47.197739	1.0658728	0.03431908	49.599999	0.03431908	2.4022604	28	2	1	0.95156729	0.99815965	80	83.197739
102	3.4000001	1	1.3594965	47.180679	1.0427634	0.017060045	49.599999	0	2.4022604	28	0	0	0.95122337	0.99814594	80	83.180679
103	3.4333334	1	1.382446	47.163685	1.0538683	0.034054451	49.599999	0.034054451	2.4363149	28	2	1	0.95088077	0.9981305	80	83.163681
104	3.4666669	1	1.4052381	47.146755	1.0310762	0.016929282	49.599999	0	2.4363149	28	0	0	0.95053941	0.99811363	80	83.146751
105	3.5000002	1	1.4278752	47.12989	1.0422331	0.033793937	49.599999	0.033793937	2.4701088	28	2	1	0.95019943	0.99809533	80	83.12989
106	3.5333335	1	1.4302017	47.113091	1.0399066	0.016800517	49.599999	0	2.4701088	28	0	0	0.94986069	0.99807566	80	83.113091
107	3.5666668	1	1.4726936	47.096355	1.030952	0.033537362	49.600001	0.033537362	2.5036462	28	2	1	0.94952327	0.99805456	80	83.096352
108	3.6000001	1	1.4750201	47.079681	1.0286255	0.0166739	49.600001	0	2.5036462	26	0	0	0.9491871	0.99803227	80	83.079681
109	3.6333334	1	1.5169193	47.063061	1.0200202	0.033293944	49.6	0.033293944	2.5369401	26	2	1	0.948852	0.99800873	80	83.063057
110	3.6666667	1	1.5192458	47.046494	1.0176937	0.016566565	49.6	0	2.5369401	26	0	0	0.94851798	0.99798393	80	83.046494
111	3.7000003	1	1.5605695	47.02998	1.00945	0.033080023	49.599999	0.033080023	2.5700202	26	2	1	0.94818503	0.99795794	80	83.029976
112	3.7333336	1	1.562896	47.013519	1.0071235	0.016460707	49.6	0	2.5700202	26	0	0	0.94785321	0.99793082	80	83.013519
113	3.7666669	1	1.6036604	46.997108	0.99922817	0.032869019	49.599997	0.032869019	2.6028892	26	2	1	0.94752234	0.99790269	80	82.997108
114	3.8000002	1	1.6059869	46.980755	0.99690165	0.016356265	49.6	0	2.6028892	26	0	0	0.94719261	0.99787349	80	82.980751
115	3.8333335	1	1.6462073	46.964447	0.98934612	0.032664798	49.6	0.032664798	2.635554	24	2	1	0.94686383	0.99784327	80	82.964447
116	3.8666668	1	1.6485338	46.948181	0.9870196	0.016265184	49.6	0	2.635554	24	0	0	0.94653589	0.99781203	80	82.948181
117	3.9000001	1	1.6882246	46.931957	0.97981615	0.032487288	49.599998	0.032487288	2.6680413	24	2	1	0.94620883	0.99777991	80	82.931961
118	3.9333336	1	1.6905511	46.915775	0.97748963	0.016181963	49.599998	0	2.6680413	22	0	0	0.94588256	0.99774683	80	82.915779
119	3.9666669	1	1.7297261	46.899628	0.9706436	0.032328941	49.599997	0.032328941	2.7003702	22	2	1	0.94555706	0.99771279	80	82.899628
120	4	1	1.7320526	46.883518	0.96831709	0.016112177	49.6	0	2.7003702	22	0	0	0.94523221	0.9976778	80	82.883514
121	4.0333338	1	1.770725	46.867439	0.96183443	0.032189753	49.599999	0.032189753	2.73256	22	2	1	0.94490802	0.99764204	80	82.867439
122	4.0666671	1	1.7730515	46.851395	0.95950791	0.016043166	49.599997	0	2.73256	22	0	0	0.94458461	0.99760544	80	82.851395
123	4.1000004	1	1.8112339	46.835388	0.95337754	0.032052115	49.6	0.032052115	2.7646121	22	2	1	0.94426185	0.99756795	80	82.835388
124	4.1333337	1	1.8135604	46.819412	0.95105103	0.01597489	49.599999	0	2.7646121	22	0	0	0.94393975	0.99752957	80	82.819412
125	4.166667	1	1.851265	46.803471	0.94526233	0.031915922	49.599998	0.031915922	2.796528	22	2	1	0.94361836	0.99749047	80	82.803467
126	4.2000003	1	1.8535916	46.787563	0.94293582	0.015907336	49.599998	0	2.796528	22	0	0	0.94329768	0.99745053	80	82.787567
127	4.2333336	1	1.8908299	46.77169	0.93747861	0.031781163	49.599999	0.031781163	2.8283092	22	2	1	0.94297761	0.99740988	80	82.77169
128	4.2666669	1	1.8931564	46.755852	0.93515209	0.015840478	49.600001	0	2.8283092	22	0	0	0.94265825	0.99736845	80	82.755852
129	4.3000002	1	1.9299396	46.740044	0.93001665	0.031647794	49.6	0.031647794	2.859957	22	2	1	0.94233954	0.99732625	80	82.740044
130	4.3333335	1	1.9322661	46.72427	0.92769014	0.0157743	49.6	0	2.859957	22	0	0	0.94202155	0.99728328	80	82.724266
131	4.3666668	1	1.9686049	46.708527	0.92286714	0.031515758	49.599999	0.031515758	2.8914727	22	2	1	0.94170415	0.99723965	80	82.708527
132	4.4000001	1	1.9709314	46.692818	0.92054062	0.015708774	49.599999	0	2.8914727	22	0	0	0.94138747	0.9971953	80	82.692818
133	4.4333334	1	2.006836	46.677143	0.91602112	0.031385023	49.6	0.031385023	2.9228577	22	2	1	0.94107139	0.99715024	80	82.677139
134	4.4666667	1	2.0091625	46.661499	0.9136946	0.01564388	49.6	0	2.9228577	22	0	0	0.94075602	0.99710447	80	82.661499
135	4.5	1	2.0446426	46.645885	0.90947	0.031255551	49.599998	0.031255551	2.9541133	22	2	1	0.94044125	0.99705803	80	82.645889
136	4.5333338	1	2.0469691	46.630306	0.90714349	0.015579604	49.599998	0	2.9541133	22	0	0	0.94012713	0.99701083	80	82.63031
137	4.5666671	1	2.0820343	46.614758	0.90320556	0.031127293	49.599997	0.031127293	2.9852406	22	2	1	0.93981367	0.99696302	80	82.614761
138	4.6000004	1	2.0843609	46.599243	0.90087905	0.015515927	49.599999	0	2.9852406	22	0	0	0.93950087	0.99691457	80	82.599243
139	4.6333337	1	2.1190203	46.583759	0.89721988	0.031000234	49.599999	0.031000234	3.0162408	22	2	1	0.93918866	0.99686557	80	82.583755
140	4.666667	1	2.1213468	46.568306	0.89489337	0.01545283	49.599999	0	3.0162408	22	0	0	0.93887717	0.99681586	80	82.568306
141	4.7000003	1	2.1556091	46.552883	0.89150539	0.030874332	49.599998	0.030874332	3.0471151	22	2	1	0.93856621	0.99676555	80	82.552887
142	4.7333336	1	2.1579356	46.537495	0.88917887	0.0153903	49.599999	0	3.0471151	22	0	0	0.93825597	0.99671465	80	82.537491
143	4.7666669	1	2.1918201	46.522137	0.88604384	0.030749546	49.600001	0.030749546	3.0778647	22	2	1	0.93794626	0.99666309	80	82.522133
144	4.8000002	1	2.1918201	46.506805	0.88604384	0.015328319	49.599998	0	3.0778647	22	0	0	0.93763721	0.996611	80	82.506805
145	4.8333335	1	2.2276933	46.491508	0.88079655	0.030625856	49.599998	0.030625856	3.1084905	22	2	1	0.93732882	0.99655831	80	82.491508
146	4.8666668	1	2.2276932	46.476242	0.88079655	0.015266875	49.599999	0	3.1084905	22	0	0	0.93702102	0.99650508	80	82.476242
147	4.9000001	1	2.263235	46.461006	0.87575798	0.030503232	49.599999	0.030503232	3.1389938	22	2	1	0.93671381	0.9964512	80	82.461006
148	4.9333334	1	2.263235	46.445801	0.87575798	0.015205954	49.6	0	3.1389938	22	0	0	0.93640727	0.99639678	80	82.445801
149	4.9666667	1	2.2984518	46.430626	0.87092285	0.03038164	49.600001	0.03038164	3.1693754	22	2	1	0.93610132	0.99634188	80	82.430626
150	5.0000005	1	2.2984518	46.415478	0.87092285	0.015145536	49.599998	0	3.1693754	22	0	0	0.93579596	0.99628633	80	82.415474
151	5.0333338	1	2.3333495	46.400364	0.86628626	0.030261045	49.6	0.030261045	3.1996365	22	2	1	0.9354912	0.99623019	80	82.40036
152	5.0666671	1	2.3333495	46.385277	0.86628626	0.015085614	49.599998	0	3.1996365	22	0	0	0.93518704	0.99617356	80	82.385277
153	5.1000004	1	2.3679406	46.37022	0.8618367	0.030141447	49.599997	0.030141447	3.2297779	22	2	1	0.93488348	0.99611646	80	82.370216
154	5.1333337	1	2.3679406	46.355194	0.8618367	0.015026168	49.599998	0	3.2297779	22	0	0	0.93458056	0.99605876	80	82.355194
155	5.166667	1	2.4022597	46.340199	0.85754041	0.030022785	49.599999	0.030022785	3.2598007	22	2	1	0.93427819	0.99600065	80	82.340195
156	5.2000003	1	2.4022597	46.325233	0.85754041	0.014967197	49.600001	0	3.2598007	22	0	0	0.93397641	0.995942	80	82.325233
157	5.2333336	1	2.4363142	46.310295	0.85339103	0.029905081	49.6	0.029905081	3.2897058	22	2	1	0.93367529	0.99588287	80	82.310295
158	5.2666669	1	2.4363143	46.295383	0.85339103	0.014908684	49.599998	0	3.2897058	22	0	0	0.9333747	0.99582314	80	82.295387
159	5.3000002	1	2.4701083	46.280506	0.84938538	0.02978828	49.6	0.02978828	3.3194941	22	2	1	0.93307471	0.995763	80	82.280502
160	5.3333335	1	2.4701083	46.265656	0.84938538	0.014850615	49.6	0	3.3194941	22	0	0	0.93277532	0.99570233	80	82.265656
161	5.3666668	1	2.5036457	46.250835	0.84552038	0.029672364	49.600002	0.029672364	3.3491664	22	2	1	0.93247646	0.99564117	80	82.250832
162	5.4000001	1	2.5036457	46.236042	0.84552038	0.014792977	49.600001	0	3.3491664	22	0	0	0.9321782	0.99557954	80	82.236038
163	5.4333334	1	2.5369397	46.221275	0.84178373	0.029557303	49.599999	0.029557303	3.3787237	22	2	1	0.93188053	0.99551755	80	82.221275
164	5.4666672	1	2.5369396	46.206539	0.84178373	0.014735767	49.599998	0	3.3787237	22	0	0	0.93158346	0.99545503	80	82.206543
165	5.5000005	1	2.5700196	46.191833	0.83814679	0.029443081	49.6	0.029443081	3.4081668	22	2	1	0.93128693	0.99539196	80	82.191833
166	5.5333338	1	2.5700196	46.177155	0.83814679	0.014678966	49.6	0	3.4081668	22	0	0	0.93099099	0.99532855	80	82.177155
167	5.5666671	1	2.6028887	46.162502	0.83460746	0.029329684	49.599998	0.029329684	3.4374965	22	2	1	0.93069565	0.99526459	80	82.162506
168	5.6000004	1	2.6028887	46.147881	0.83460746	0.014622567	49.599999	0	3.4374965	22	0	0	0.93040085	0.99520028	80	82.147881
169	5.6333337	1	2.6355536	46.133286	0.83115975	0.02921709	49.599999	0.02921709	3.4667136	22	2	1	0.93010658	0.99513561	80	82.133286
170	5.666667	1	2.6355535	46.118721	0.83115975	0.014566565	49.600001	0	3.4667136	22	0	0	0.92981291	0.9950704	80	82.118721
171	5.7000003	1	2.6680408	46.104179	0.82777773	0.029105272	49.599998	0.029105272	3.4958188	22	2	1	0.92951977	0.99500483	80	82.104179
172	5.7333336	1	2.6680408	46.089668	0.82777773	0.014510946	49.599998	0	3.4958188	22	0	0	0.92922723	0.99493891	80	82.089668
173	5.7666669	1	2.7003697	46.075188	0.82444301	0.028994229	49.6	0.028994229	3.5248131	22	2	1	0.92893523	0.99487245	80	82.075188
174	5.8000002	1	2.7003697	46.06073	0.82444301	0.014455708	49.599998	0	3.5248131	22	0	0	0.92864376	0.99480563	80	82.06073
175	5.8333335	1	2.7325595	46.046303	0.82113719	0.028883938	49.599999	0.028883938	3.553697	22	2	1	0.92835289	0.99473846	80	82.046303
176	5.8666668	1	2.7325595	46.031902	0.82113719	0.014400842	49.6	0	3.553697	22	0	0	0.92806256	0.99467087	80	82.031898
177	5.9000001	1	2.7646116	46.017529	0.81785946	0.028774384	49.6	0.028774384	3.5824714	22	2	1	0.92777276	0.99460292	80	82.017525
178	5.9333339	1	2.7646117	46.003181	0.81785946	0.014346332	49.599999	0	3.5824714	22	0	0	0.9274835	0.99453455	80	82.003181
179	5.9666672	1	2.7965277	45.988865	0.81460906	0.028665541	49.600002	0.028665541	3.6111369	22	2	1	0.92719483	0.99446571	80	81.988861
180	6.0000005	1	2.7965276	45.974571	0.81460906	0.014292174	49.6	0	3.6111369	22	0	0	0.92690665	0.99439651	80	81.974571
181	6.0333338	1	2.7758842	45.960304	0.86380986	0.028557399	49.599998	0.028557399	3.6396943	22	2	1	0.92661905	0.99432689	80	81.960304
182	6.0666671	1	2.7758842	45.946064	0.86380986	0.014243143	49.600001	0	3.6396943	20	0	0	0.92633188	0.99425697	80	81.94606
183	6.1000004	1	2.807532	45.931839	0.86062724	0.028465167	49.599998	0.028465167	3.6681595	20	2	1	0.92604518	0.9941867	80	81.931839
184	6.1333337	1	2.8075319	45.917641	0.86062724	0.01420096	49.600001	0	3.6681595	20	0	0	0.92575884	0.99411613	80	81.917641
185	6.166667	1	2.8390477	45.903458	0.85749239	0.028380919	49.599998	0.028380919	3.6965404	20	2	1	0.92547297	0.9940452	80	81.903458
186	6.2000003	1	2.8914723	45.889301	0.80506782	0.014159003	49.6	0	3.6965404	20	0	0	0.92518747	0.99397397	80	81.889297
187	6.2333336	1	2.9228573	45.87516	0.8019799	0.028297113	49.599997	0.028297113	3.7248375	20	2	1	0.92490244	0.99390227	80	81.87516
188	6.2666669	1	2.9228574	45.861046	0.8019799	0.01411726	49.6	0	3.7248375	20	0	0	0.92461783	0.99383026	80	81.861046
189	6.3000002	1	2.954113	45.846947	0.79893808	0.02821373	49.599998	0.02821373	3.7530513	20	2	1	0.92433363	0.99375784	80	81.846947
190	6.3333335	1	2.954113	45.832874	0.79893808	0.014075723	49.600001	0	3.7530513	20	0	0	0.92404985	0.99368519	80	81.83287
191	6.3666668	1	2.9852404	45.818817	0.79594152	0.028130747	49.599999	0.028130747	3.781182	20	2	1	0.92376649	0.99361223	80	81.818817
192	6.4000006	1	2.9852404	45.804783	0.79594152	0.014034373	49.599999	0	3.781182	20	0	0	0.92348355	0.99353898	80	81.804787
193	6.4333339	1	3.0162406	45.790771	0.79298943	0.028048135	49.600002	0.028048135	3.8092302	20	2	1	0.92320096	0.9934653	80	81.790771
194	6.4666672	1	3.0162406	45.776775	0.79298943	0.013993196	49.599999	0	3.8092302	20	0	0	0.92291886	0.99339139	80	81.776779
195	6.5000005	1	3.047115	45.762802	0.79008094	0.027965875	49.599998	0.027965875	3.837196	20	2	1	0.92263716	0.99331719	80	81.762802
196	6.5333338	1	3.0471149	45.748852	0.79008094	0.013952203	49.6	0	3.837196	20	0	0	0.92235589	0.99324268	80	81.748848
197	6.5666671	1	3.0055046	45.734921	0.85957522	0.027883973	49.6	0.027883973	3.86508	20	2	1	0.92207497	0.99316788	80	81.734917
198	6.6000004	1	3.0055046	45.721008	0.85957522	0.013911378	49.6	0	3.86508	20	0	0	0.92179453	0.99309278	80	81.721008
199	6.6333337	1	3.0361305	45.707119	0.85675177	0.027802404	49.600001	0.027802404	3.8928824	20	2	1	0.92151445	0.99301732	80	81.707115
200	6.666667	1	3.0361305	45.693245	0.85675177	0.01387072	49.599998	0	3.8928824	20	0	0	0.92123479	0.99294156	80	81.693245
201	6.7000003	1	3.0666337	45.679398	0.85396971	0.027721167	49.600001	0.027721167	3.9206036	20	2	1	0.92095554	0.9928655	80	81.679398
202	6.7333336	1	3.1389935	45.665565	0.78160985	0.013830218	49.599999	0	3.9206036	20	0	0	0.92067671	0.99278927	80	81.665565
203	6.7666669	1	3.1693752	45.651756	0.77886845	0.027640242	49.6	0.027640242	3.9482438	20	2	1	0.92039829	0.99271274	80	81.651756
204	6.8000002	1	3.1693751	45.637966	0.77886845	0.013789871	49.6	0	3.9482438	20	0	0	0.9201203	0.99263597	80	81.637962
205	6.8333335	1	3.1258518	45.624195	0.8499514	0.027559629	49.599998	0.027559629	3.9758034	20	2	1	0.91984266	0.99255884	80	81.624191
206	6.8666668	1	3.1258518	45.610447	0.8499514	0.013749679	49.6	0	3.9758034	20	0	0	0.91956544	0.99248153	80	81.610443
207	6.9000006	1	3.1559933	45.596718	0.84728928	0.027479317	49.6	0.027479317	4.0032828	20	2	1	0.91928864	0.99240398	80	81.596718
208	6.9333339	1	3.1559933	45.583008	0.84728928	0.013709637	49.6	0	4.0032828	20	0	0	0.91901225	0.99232608	80	81.583008
209	6.9666672	1	3.186016	45.569317	0.84466581	0.027399311	49.599999	0.027399311	4.0306821	20	2	1	0.91873622	0.99224812	80	81.569313
210	7.0000005	1	3.2598004	45.555649	0.77088144	0.013669748	49.6	0	4.0306821	20	0	0	0.91846061	0.99216986	80	81.555649
211	7.0333338	1	3.2598003	45.542	0.79820105	0.027319603	49.600001	0.027319603	4.0580017	20	2	1	0.91818541	0.99209142	80	81.542
212	7.0666671	1	3.2897055	45.528366	0.76829597	0.013629998	49.599998	0	4.0580017	20	0	0	0.91791064	0.99201268	80	81.528366
213	7.1000004	1	3.2897055	45.514759	0.79553616	0.02724017	49.600001	0.02724017	4.0852418	20	2	1	0.91763622	0.99193376	80	81.514755
214	7.1333337	1	3.3194938	45.501167	0.76574788	0.013590389	49.599999	0	4.0852418	20	0	0	0.91736227	0.99185455	80	81.501167
215	7.166667	1	3.3194937	45.487598	0.79290892	0.027161032	49.600001	0.027161032	4.1124029	20	2	1	0.91708863	0.99177516	80	81.487595
216	7.2000003	1	3.3491661	45.474045	0.76323655	0.013550924	49.599998	0	4.1124029	20	0	0	0.91681546	0.99169552	80	81.474045
217	7.2333336	1	3.3491661	45.460514	0.79031872	0.027082169	49.599999	0.027082169	4.139485	20	2	1	0.91654265	0.99161565	80	81.460518
218	7.2666669	1	3.3787233	45.447002	0.76076142	0.0135116	49.599999	0	4.139485	20	0	0	0.91627026	0.99153554	80	81.447006
219	7.3000002	1	3.3787233	45.43351	0.787765	0.027003583	49.599998	0.027003583	4.1664886	20	2	1	0.91599822	0.99145532	80	81.43351
220	7.3333335	1	3.4081664	45.42004	0.75832192	0.013472403	49.600001	0	4.1664886	20	0	0	0.9157266	0.99137473	80	81.420036
221	7.3666673	1	3.4081664	45.406586	0.78524718	0.026925256	49.599999	0.026925256	4.1934139	20	2	1	0.91545534	0.99129397	80	81.406586
222	7.4000006	1	3.4374961	45.393154	0.75591748	0.013433332	49.600001	0	4.1934139	20	0	0	0.9151845	0.99121302	80	81.39315
223	7.4333339	1	3.4374961	45.379738	0.78276466	0.026847184	49.599999	0.026847184	4.2202611	20	2	1	0.91491407	0.99113196	80	81.379738
224	7.4666672	1	3.4667131	45.366344	0.75354757	0.013394406	49.6	0	4.2202611	20	0	0	0.914644	0.99105072	80	81.366341
225	7.5000005	1	3.3667131	45.35297	0.88031698	0.026769394	49.6	0.026769394	4.2470305	20	2	1	0.91437435	0.99096924	80	81.352966
226	7.5333338	1	3.3958183	45.339615	0.85121171	0.013355598	49.600001	0	4.2470305	20	0	0	0.91410512	0.99088752	80	81.339615
227	7.5666671	1	3.3958183	45.326275	0.87790355	0.026691847	49.599997	0.026691847	4.2737223	20	2	1	0.91383624	0.99080563	80	81.326279
228	7.6000004	1	3.4248126	45.312962	0.84890932	0.013316927	49.6	0	4.2737223	20	0	0	0.91356772	0.99072349	80	81.312958
229	7.6333337	1	3.5248126	45.299664	0.77552389	0.026614569	49.6	0.026614569	4.3003369	20	2	1	0.91329962	0.9906413	80	81.29966
230	7.666667	1	3.552596	45.286385	0.7477405	0.013278384	49.599999	0	4.3003369	20	0	0	0.91303194	0.99055892	80	81.286385
231	7.7000003	1	3.552596	45.273125	0.77427805	0.026537547	49.599999	0.026537547	4.3268744	20	2	1	0.91276461	0.99047631	80	81.273125
232	7.7333336	1	3.5813704	45.259884	0.74550366	0.01323997	49.599998	0	4.3268744	20	0	0	0.91249764	0.99039358	80	81.259888
233	7.7666669	1	3.5813704	45.246666	0.77196444	0.026460778	49.600001	0.026460778	4.3533352	20	2	1	0.91223115	0.99031067	80	81.246666
234	7.8000002	1	3.610036	45.233463	0.7432989	0.013201676	49.6	0	4.3533352	20	0	0	0.91196495	0.99022764	80	81.233459
235	7.833334	1	3.610036	45.22028	0.76968315	0.026384249	49.599999	0.026384249	4.3797195	20	2	1	0.91169918	0.99014449	80	81.220276
236	7.8666673	1	3.6385934	45.207115	0.74112575	0.013163508	49.599998	0	4.3797195	20	0	0	0.91143382	0.99006122	80	81.207115
237	7.9000006	1	3.639694	45.193974	0.76633319	0.02630798	49.600001	0.02630798	4.4060274	20	2	1	0.91116881	0.98997778	80	81.19397
238	7.9333339	1	3.6681593	45.180847	0.73786801	0.013125457	49.6	0	4.4060274	20	0	0	0.91090417	0.98989415	80	81.180847
239	7.9666672	1	3.6681592	45.16774	0.76409996	0.026231935	49.599999	0.026231935	4.4322594	20	2	1	0.91063994	0.98981029	80	81.16774
240	8	1	3.6965402	45.154652	0.73571903	0.013087532	49.599998	0	4.4322594	20	0	0	0.91037607	0.98972636	80	81.154648
241	8.0333338	1	3.6965401	45.141582	0.76187517	0.026156144	49.599998	0.026156144	4.4584155	20	2	1	0.91011256	0.98964232	80	81.141586
242	8.0666676	1	3.7248373	45.128536	0.73357806	0.013049728	49.600001	0	4.4584155	20	0	0	0.90984946	0.98955822	80	81.128532
243	8.1000004	1	3.6248373	45.115505	0.85965866	0.026080593	49.600001	0.026080593	4.4844961	20	2	1	0.90958673	0.98947394	80	81.115501
244	8.1333342	1	3.653051	45.102489	0.83144493	0.013012029	49.599997	0	4.4844961	20	0	0	0.90932441	0.98938942	80	81.102493
245	8.166667	1	3.653051	45.089497	0.85745018	0.026005255	49.599998	0.026005255	4.5105014	20	2	1	0.90906245	0.9893049	80	81.0895
246	8.2000008	1	3.6811818	45.076523	0.82931943	0.012974455	49.599998	0	4.5105014	20	0	0	0.9088009	0.9892202	80	81.076523
247	8.2333336	1	3.7811818	45.063568	0.7552496	0.025930163	49.599999	0.025930163	4.5364315	20	2	1	0.90853965	0.98913532	80	81.063568
248	8.2666674	1	3.8092299	45.050632	0.72720146	0.012936994	49.600001	0	4.5364315	20	0	0	0.90827882	0.98905045	80	81.050629
249	8.3000002	1	3.80923	45.037712	0.75305676	0.025855303	49.599999	0.025855303	4.5622868	20	2	1	0.90801841	0.98896533	80	81.037712
250	8.333334	1	3.8371958	45.024815	0.72509089	0.012899648	49.600001	0	4.5622868	20	0	0	0.9077583	0.98888016	80	81.024811
251	8.3666668	1	3.8371959	45.011932	0.75087156	0.025780668	49.6	0.025780668	4.5880675	20	2	1	0.90749866	0.98879492	80	81.011932
252	8.4000006	1	3.8650799	44.999069	0.72298758	0.012862417	49.599999	0	4.5880675	20	0	0	0.90723932	0.98870951	80	80.999069
253	8.4333334	1	3.8650799	44.986225	0.74869385	0.025706263	49.599999	0.025706263	4.6137738	20	2	1	0.90698034	0.98862398	80	80.986229
254	8.4666672	1	3.8928823	44.9734	0.72089145	0.012825298	49.599999	0	4.6137738	20	0	0	0.90672177	0.98853838	80	80.973396
255	8.5	1	3.8928822	44.960594	0.74652353	0.02563208	49.6	0.02563208	4.6394058	20	2	1	0.90646356	0.98845267	80	80.960594
256	8.5333338	1	3.9206033	44.947807	0.71880235	0.012788288	49.600001	0	4.6394058	20	0	0	0.90620577	0.9883669	80	80.947807
257	8.5666676	1	3.9206033	44.935036	0.74436047	0.025558116	49.6	0.025558116	4.664964	20	2	1	0.90594828	0.98828095	80	80.935036
258	8.6000004	1	3.9482435	44.922283	0.71672023	0.012751391	49.599998	0	4.664964	20	0	0	0.90569121	0.988195	80	80.922287
259	8.6333342	1	3.9482436	44.90955	0.7422046	0.025484372	49.599998	0.025484372	4.6904483	20	2	1	0.90543449	0.98810899	80	80.909554
260	8.666667	1	3.9758033	44.896835	0.71464497	0.0127146	49.599998	0	4.6904483	20	0	0	0.90517813	0.9880228	80	80.896835
261	8.7000008	1	3.9758032	44.88414	0.74005583	0.025410855	49.599999	0.025410855	4.7158592	20	2	1	0.90492219	0.98793662	80	80.88414
262	8.7333336	1	4.0032826	44.871464	0.71257651	0.012677932	49.600001	0	4.7158592	20	0	0	0.9046666	0.98785025	80	80.87146
263	8.7666674	1	4.0032826	44.858803	0.73791408	0.025337569	49.599999	0.025337569	4.7411967	20	2	1	0.90441138	0.98776382	80	80.858803
264	8.8000002	1	4.0306819	44.846161	0.71051476	0.012641367	49.599999	0	4.7411967	20	0	0	0.90415651	0.9876774	80	80.846161
265	8.833334	1	4.0306819	44.833538	0.73577925	0.025264487	49.599999	0.025264487	4.7664612	20	2	1	0.90390199	0.98759079	80	80.833542
266	8.8666668	1	4.0580015	44.820934	0.70845964	0.012604902	49.6	0	4.7664612	20	0	0	0.90364784	0.98750418	80	80.82093
267	8.9000006	1	4.0580015	44.808346	0.73365125	0.025191613	49.599999	0.025191613	4.7916528	20	2	1	0.9033941	0.98741746	80	80.80835
268	8.9333334	1	4.0852417	44.79578	0.70641107	0.012568539	49.600002	0	4.7916528	20	0	0	0.90314072	0.98733068	80	80.795776
269	8.9666672	1	4.0852418	44.78323	0.73153002	0.025118945	49.600002	0.025118945	4.8167718	20	2	1	0.90288764	0.98724383	80	80.783226
270	9	1	4.1124028	44.770695	0.70436897	0.012532286	49.599999	0	4.8167718	20	0	0	0.90263498	0.98715693	80	80.770691
271	9.0333338	1	4.1124028	44.758183	0.72941546	0.025046485	49.600001	0.025046485	4.8418183	20	2	1	0.90238267	0.98707002	80	80.758179
272	9.0666676	1	4.139485	44.745686	0.70233329	0.012496139	49.6	0	4.8418183	20	0	0	0.90213078	0.98698294	80	80.745682
273	9.1000004	1	4.1394849	44.733208	0.72730754	0.024974242	49.6	0.024974242	4.8667925	20	2	1	0.90187919	0.9868958	80	80.733208
274	9.1333342	1	4.1664885	44.720749	0.70030396	0.012460093	49.600001	0	4.8667925	20	0	0	0.90162796	0.98680872	80	80.720749
275	9.166667	1	4.1664885	44.708305	0.72520616	0.0249022	49.6	0.0249022	4.8916947	20	2	1	0.90137714	0.98672152	80	80.708305
276	9.2000008	1	4.1934137	44.695881	0.69828091	0.012424156	49.6	0	4.8916947	20	0	0	0.90112662	0.98663431	80	80.695877
277	9.2333336	1	4.1934136	44.683475	0.7231113	0.024830384	49.6	0.024830384	4.9165251	20	2	1	0.90087652	0.98654705	80	80.683472
278	9.2666674	1	4.2202608	44.671085	0.69626411	0.012388314	49.599999	0	4.9165251	20	0	0	0.90062678	0.98645967	80	80.671089
279	9.3000002	1	4.2202609	44.658718	0.72102286	0.024758749	49.600002	0.024758749	4.9412839	20	2	1	0.90037733	0.98637229	80	80.658714
280	9.333334	1	4.2470302	44.646362	0.69425346	0.012352576	49.599999	0	4.9412839	20	0	0	0.9001283	0.98628485	80	80.646362
281	9.3666668	1	4.2470302	44.634029	0.71894079	0.024687324	49.6	0.024687324	4.9659712	20	2	1	0.89987963	0.98619741	80	80.634026
282	9.4000006	1	4.2737222	44.621712	0.69224894	0.012316943	49.6	0	4.9659712	20	0	0	0.89963126	0.98610991	80	80.621712
283	9.4333334	1	4.2737221	44.609413	0.71686506	0.024616107	49.6	0.024616107	4.9905873	20	2	1	0.89938331	0.98602241	80	80.609413
284	9.4666672	1	4.3003368	44.597134	0.69025049	0.012281416	49.600002	0	4.9905873	20	0	0	0.89913571	0.98593473	80	80.59713
285	9.500001	1	4.3003367	44.584869	0.71479559	0.024545098	49.600002	0.024545098	5.0151324	20	2	1	0.89888847	0.98584706	80	80.584869
286	9.5333338	1	4.3268743	44.572624	0.68825804	0.012245977	49.600002	0	5.0151324	20	0	0	0.89864159	0.98575938	80	80.572624
287	9.5666676	1	4.3268743	44.560394	0.71273231	0.024474273	49.600001	0.024474273	5.0396067	20	2	1	0.89839506	0.98567164	80	80.560394
288	9.6000004	1	4.3533351	44.548183	0.68627153	0.012210642	49.600001	0	5.0396067	20	0	0	0.89814883	0.98558384	80	80.54818
289	9.6333342	1	4.3533351	44.535992	0.71067518	0.02440365	49.600002	0.02440365	5.0640103	20	2	1	0.89790303	0.9854961	80	80.535988
290	9.666667	1	4.3797194	44.523815	0.68429093	0.012175404	49.600001	0	5.0640103	20	0	0	0.89765757	0.98540831	80	80.523811
291	9.7000008	1	4.3797193	44.511658	0.70862417	0.024333227	49.600001	0.024333227	5.0883435	20	2	1	0.89741242	0.98532045	80	80.511658
292	9.7333336	1	4.4060273	44.499516	0.68231619	0.012140265	49.599999	0	5.0883435	20	0	0	0.89716768	0.98523259	80	80.499512
293	9.7666674	1	4.4060273	44.487392	0.70657975	0.024263553	49.599999	0.024263553	5.1126071	18	2	1	0.89692324	0.98514467	80	80.487389
294	9.8000002	1	4.4322593	44.475285	0.68034781	0.012109486	49.600001	0	5.1126071	18	0	0	0.8966791	0.98505682	80	80.475281
295	9.833334	1	4.3322592	44.463188	0.80455299	0.02420518	49.6	0.02420518	5.1368123	18	2	1	0.89643526	0.98496896	80	80.463188
296	9.8666668	1	4.3584153	44.451107	0.77839685	0.012081913	49.600001	0	5.1368123	18	0	0	0.89619166	0.9848811	80	80.451103
297	9.9000006	1	4.3584153	44.439037	0.80254691	0.024150066	49.6	0.024150066	5.1609623	18	2	1	0.89594835	0.98479325	80	80.439034
298	9.9333334	1	4.3844959	44.426983	0.77646632	0.012054402	49.599999	0	5.1609623	18	0	0	0.89570528	0.98470527	80	80.426987
299	9.9666672	1	4.4844959	44.414944	0.70056139	0.024095064	49.600001	0.024095064	5.1850574	18	2	1	0.89546257	0.98461729	80	80.41494
300	10.000001	1	4.5105012	44.402916	0.67455614	0.012026938	49.6	0	5.1850574	18	0	0	0.8952201	0.98452932	80	80.402916
301	10.033334	1	4.5105012	44.390903	0.69859631	0.024040163	49.600001	0.024040163	5.2090976	18	2	1	0.89497787	0.98444134	80	80.3909
302	10.066668	1	4.5364313	44.378902	0.67266615	0.011999524	49.599999	0	5.2090976	18	0	0	0.89473593	0.9843533	80	80.378899
303	10.1	1	4.4364313	44.366917	0.79665151	0.023985364	49.599999	0.023985364	5.2330829	18	2	1	0.8944943	0.98426533	80	80.36692
304	10.133334	1	4.4622866	44.354946	0.77079621	0.011972159	49.600001	0	5.2330829	18	0	0	0.8942529	0.98417735	80	80.354942
305	10.166667	1	4.4622865	44.342987	0.79472687	0.023930661	49.6	0.023930661	5.2570136	18	2	1	0.8940118	0.98408943	80	80.342987
306	10.200001	1	4.4880672	44.331043	0.76894621	0.011944838	49.600001	0	5.2570136	18	0	0	0.89377099	0.98400134	80	80.331039
307	10.233334	1	4.5003285	44.319111	0.78056091	0.023876023	49.6	0.023876023	5.2808896	18	2	1	0.89353043	0.98391336	80	80.319107
308	10.266667	1	4.5260347	44.307194	0.75485464	0.011917555	49.600001	0	5.2808896	18	0	0	0.89329016	0.98382539	80	80.30719
309	10.3	1	4.5260346	44.295288	0.77867613	0.023821477	49.599999	0.023821477	5.3047111	18	2	1	0.89305019	0.98373747	80	80.295288
310	10.333334	1	4.5516667	44.283398	0.75304405	0.011890307	49.599999	0	5.3047111	18	0	0	0.89281046	0.98364937	80	80.283401
311	10.366667	1	4.5516667	44.271523	0.77681106	0.023767008	49.6	0.023767008	5.3284781	18	2	1	0.89257103	0.9835614	80	80.271523
312	10.400001	1	4.6649635	44.259659	0.66351425	0.0118631	49.6	0	5.3284781	18	0	0	0.89233184	0.98347348	80	80.259659
313	10.433334	1	4.6649635	44.24781	0.68722687	0.023712609	49.600001	0.023712609	5.3521907	18	2	1	0.89209294	0.9833855	80	80.24781
314	10.466667	1	4.6904478	44.235973	0.66174249	0.011835928	49.6	0	5.3521907	18	0	0	0.89185429	0.98329741	80	80.23597
315	10.500001	1	4.6904477	44.224152	0.68540078	0.023658287	49.6	0.023658287	5.375849	18	2	1	0.89161593	0.98320949	80	80.224152
316	10.533334	1	4.7158586	44.212341	0.65998992	0.011808798	49.599999	0	5.375849	18	0	0	0.89137787	0.98312151	80	80.212341
317	10.566668	1	4.7158585	44.200546	0.68359397	0.023604045	49.599999	0.023604045	5.399453	18	2	1	0.89114004	0.98303354	80	80.200546
318	10.6	1	4.7411961	44.188766	0.65825639	0.011781707	49.600001	0	5.399453	18	0	0	0.89090252	0.98294556	80	80.188766
319	10.633334	1	4.7411962	44.176998	0.68180628	0.023549877	49.600001	0.023549877	5.4230029	18	2	1	0.89066523	0.98285758	80	80.176994
320	10.666667	1	4.7664607	44.165241	0.65654179	0.011754647	49.599998	0	5.4230029	18	0	0	0.89042825	0.98276973	80	80.165237
321	10.700001	1	4.7051862	44.1535	0.74131209	0.023495782	49.599998	0.023495782	5.4464987	18	2	1	0.89019156	0.98268175	80	80.153503
322	10.733334	1	4.7303778	44.141773	0.71612047	0.011727629	49.599999	0	5.4464987	18	0	0	0.8899551	0.98259389	80	80.141769
323	10.766667	1	4.7303779	44.130058	0.73956223	0.023441765	49.599998	0.023441765	5.4699405	18	2	1	0.88971889	0.98250604	80	80.130058
324	10.8	1	4.7554968	44.118359	0.71444329	0.011700652	49.599999	0	5.4699405	18	0	0	0.88948303	0.98241824	80	80.118355
325	10.833334	1	4.7052408	44.10667	0.78808714	0.023387827	49.599998	0.023387827	5.4933283	18	2	1	0.88924742	0.98233038	80	80.106674
326	10.866667	1	4.7915617	44.094997	0.70176614	0.011673708	49.599999	0	5.4933283	18	0	0	0.88901204	0.98224264	80	80.094994
327	10.900001	1	4.7915618	44.083336	0.7251001	0.023333963	49.599998	0.023333963	5.5166622	18	2	1	0.88877696	0.98215485	80	80.083336
328	10.933334	1	4.816536	44.07169	0.70012585	0.01164681	49.599998	0	5.5166622	18	0	0	0.88854212	0.98206705	80	80.071686
329	10.966667	1	4.816536	44.060059	0.72340604	0.023280181	49.600001	0.023280181	5.5399424	18	2	1	0.88830757	0.98197931	80	80.060059
330	11.000001	1	4.8414382	44.048435	0.69850383	0.011619948	49.599997	0	5.5399424	18	0	0	0.88807333	0.98189163	80	80.048439
331	11.033334	1	4.830081	44.036831	0.73308735	0.023226477	49.599999	0.023226477	5.5631689	18	2	1	0.88783932	0.98180395	80	80.036827
332	11.066668	1	4.8549115	44.025238	0.70825696	0.011593123	49.6	0	5.5631689	18	0	0	0.88760561	0.98171628	80	80.025238
333	11.1	1	4.8549115	44.013657	0.73142982	0.023172854	49.599998	0.023172854	5.5863418	18	2	1	0.88737214	0.98162872	80	80.013657
334	11.133334	1	4.8796703	44.00209	0.70667107	0.011566341	49.599998	0	5.5863418	18	0	0	0.8871389	0.9815411	80	80.00209
335	11.166667	1	4.8796703	43.99054	0.72979037	0.023119301	49.6	0.023119301	5.6094611	18	2	1	0.88690603	0.98145354	80	79.99054
336	11.200001	1	4.9659706	43.979	0.64348997	0.011539599	49.6	0	5.6094611	18	0	0	0.88667333	0.98136598	80	79.978996
337	11.233334	1	4.8649171	43.967472	0.76760932	0.023065839	49.599998	0.023065839	5.6325269	18	2	1	0.88644099	0.98127848	80	79.967468
338	11.266667	1	4.8895332	43.955959	0.74299321	0.011512894	49.599999	0	5.6325269	18	0	0	0.88620883	0.98119098	80	79.955956
339	11.3	1	4.8895331	43.944462	0.76600566	0.02301245	49.600001	0.02301245	5.6555393	18	2	1	0.88597703	0.98110348	80	79.944458
340	11.333334	1	4.9140782	43.932976	0.74146056	0.011486232	49.600001	0	5.6555393	18	0	0	0.88574547	0.9810161	80	79.932976
341	11.366667	1	5.0140783	43.921501	0.6644197	0.022959145	49.599999	0.022959145	5.6784985	18	2	1	0.88551414	0.98092872	80	79.921501
342	11.400001	1	5.0385525	43.910042	0.63994543	0.011459614	49.599999	0	5.6784985	18	0	0	0.88528311	0.98084146	80	79.910042
343	11.433334	1	5.0385526	43.898594	0.66285136	0.022905933	49.599998	0.022905933	5.7014044	18	2	1	0.88505232	0.98075414	80	79.898598
344	11.466667	1	5.0640098	43.887161	0.6373942	0.011433033	49.599998	0	5.7014044	18	0	0	0.88482183	0.98066688	80	79.887161
345	11.500001	1	5.0640098	43.875744	0.66024699	0.022852788	49.600001	0.022852788	5.7242572	18	2	1	0.88459158	0.98057967	80	79.87574
346	11.533334	1	5.0883431	43.864334	0.63591375	0.011406494	49.599997	0	5.7242572	18	0	0	0.88436162	0.98049253	80	79.864334
347	11.566668	1	5.0883431	43.852943	0.65871348	0.022799734	49.6	0.022799734	5.7470569	18	2	1	0.88413191	0.98040533	80	79.852943
348	11.6	1	5.1126067	43.841564	0.63444992	0.011379996	49.600001	0	5.7470569	18	0	0	0.88390249	0.98031825	80	79.84156
349	11.633334	1	5.1126068	43.830196	0.65719668	0.022746755	49.6	0.022746755	5.7698037	18	2	1	0.88367331	0.98023117	80	79.830193
350	11.666667	1	5.1368121	43.818844	0.63299149	0.011353539	49.600001	0	5.7698037	18	0	0	0.88344437	0.98014414	80	79.81884
351	11.700001	1	5.136812	43.807503	0.65568536	0.022693865	49.6	0.022693865	5.7924976	18	2	1	0.88321579	0.98005724	80	79.807503
352	11.733334	1	5.1609621	43.796173	0.6315353	0.011327129	49.599998	0	5.7924976	18	0	0	0.88298738	0.97997034	80	79.796173
353	11.766667	1	5.1609622	43.784863	0.65417636	0.022641065	49.600001	0.022641065	5.8151386	18	2	1	0.88275927	0.97988343	80	79.784859
354	11.8	1	5.1850573	43.77356	0.63008128	0.011300754	49.599999	0	5.8151386	18	0	0	0.88253146	0.97979653	80	79.77356
355	11.833334	1	5.1850573	43.762272	0.65266962	0.022588335	49.599999	0.022588335	5.837727	18	2	1	0.88230389	0.97970968	80	79.762268
356	11.866668	1	5.2090974	43.750999	0.62862945	0.011274421	49.600001	0	5.837727	18	0	0	0.88207656	0.97962302	80	79.750999
357	11.900001	1	5.2090974	43.739738	0.65116516	0.022535698	49.600001	0.022535698	5.8602627	18	2	1	0.88184953	0.97953629	80	79.739738
358	11.933334	1	5.2330826	43.728489	0.62717979	0.011248144	49.6	0	5.8602627	18	0	0	0.88162273	0.97944969	80	79.728485
359	11.966667	1	5.2330827	43.717255	0.62717979	0.022483163	49.6	0	5.8602627	18	0	0	0.88139623	0.97936302	80	79.717255
360	12.000001	1	5.2570133	43.706032	0.6369542	0.033705071	49.599999	0.033705071	5.8939677	18	2	1	0.88116997	0.97927654	80	79.706032
test	A_soaked_hanging_wood	PASS	cumEmitted=5.893968 early=1.603661 late=0.708910 dTotal=0.000001 maxPending=0.044818 firstPending=1 firstEmit=1 lastEmit=360 maxOutlets=1 lastSites=1
test	A_pending_not_stranded	PASS	strandedTicks=0 firstEmit=1 maxPending=0.044818
test	B_damp_below_threshold	PASS	released=0.000000 maxPending=0.000000 sources=0 dTotal=0.000000
test	C_rotated_45	PASS	low=0.343898 high=0.000000
test	D_wide_block_budget	PASS	narrow=1.396319 wide=2.699999
test	E_stone_weaker	PASS	stone=0.332563 wood=2.700370
test	F_glass_metal_zero	PASS	glass=0.000000 metal=0.000000
test	G_fracture_wet	PASS	bodies=2 dMoist=0.000000 rel8=0.213853 dTotal=0.000001
test	H_no_oscillation	PASS	rel1=2.006837 rel2=1.312657 absorbed=0.000000 dTotal=0.000001
summary	PASS	9 passed, 0 failed
