section	wood_soak
tick	free_liquid	absorbed_liquid	splash_liquid	total_liquid	average_wetness	max_wetness	wet_pixel_count	rigid_body_mass	center_of_mass_x	center_of_mass_y
0	1322	0	0	1322	0	0	0	36	100	88
1	1321.9337	0.066266336	0	1322	0.0013360148	0.014973976	20	36.066265	100	88.006134
2	1321.8675	0.13252929	0	1322	0.0026719614	0.029611273	22	36.132526	100	88.012215
3	1321.8012	0.19878449	0	1322	0.0040077516	0.043923523	22	36.198784	100	88.018234
4	1321.7349	0.26502815	3.7208032e-05	1322	0.0053433091	0.057922076	22	36.265026	100	88.0242
5	1321.4687	0.33125529	0.20007638	1322	0.0066785342	0.071617916	24	36.331253	100	88.030113
6	1321.4024	0.39746317	0.20013485	1322	0.0080133704	0.085021734	24	36.397461	100	88.035973
7	1321.3361	0.46366283	0.20020152	1322	0.0093480414	0.098143838	30	36.463661	100	88.041779
8	1321.2699	0.52986223	0.20026851	1322	0.010682707	0.11099422	30	36.529861	100	88.047531
9	1321.2036	0.59606075	0.20033638	1322	0.012017354	0.12358248	30	36.596058	100	88.05323
10	1321.3373	0.66225773	0.00040574034	1322	0.01335197	0.13591789	32	36.662258	100	88.058884
11	1321.2794	0.72010958	0.00047240701	1322	0.014518338	0.14785986	32	36.720108	100.00002	88.063927
12	1321.2226	0.77677315	0.00060574036	1322	0.01566075	0.15940917	32	36.776772	100.00002	88.068848
13	1320.7658	0.83343613	0.40073908	1322	0.016803147	0.17059195	34	36.833435	100.00002	88.07373
14	1321.109	0.89009857	0.00087240706	1322	0.017945535	0.18143216	34	36.890099	100.00002	88.078568
15	1320.9859	0.94676059	0.06729635	1322	0.019087914	0.1919516	34	36.946758	100.00002	88.083359
16	1320.9339	0.9986555	0.067416752	1322	0.020134183	0.20217025	36	36.998653	100.0006	88.087677
17	1320.7866	1.0458158	0.16753991	1322	0.021084998	0.20482494	40	37.045815	100.0006	88.09153
18	1320.8394	1.0929149	0.06771139	1322	0.022034574	0.20747828	40	37.092915	100.0006	88.095345
19	1320.692	1.1400087	0.16792151	1322	0.022984045	0.21018487	40	37.140007	100.0006	88.099129
20	1320.6448	1.1870968	0.16809977	1322	0.023933403	0.21293901	40	37.187096	100.0006	88.10289
21	1320.4975	1.2341791	0.26828352	1322	0.024882643	0.21573557	40	37.234177	100.0006	88.106621
22	1320.6165	1.2812554	0.10218185	1322	0.025831761	0.21856984	40	37.281254	100.0006	88.110321
23	1320.5693	1.3283253	0.10237829	1322	0.026780751	0.22143753	40	37.328323	100.0006	88.113998
24	1320.5219	1.3753916	0.10264496	1322	0.02772967	0.22433472	40	37.375389	100.0006	88.117645
25	1320.4747	1.4224579	0.10284226	1322	0.028678587	0.22725788	40	37.422459	100.0006	88.121262
26	1320.4274	1.4695241	0.10304226	1322	0.029627502	0.23020372	42	37.469524	100.0006	88.124855
27	1320.3801	1.51659	0.10324226	1322	0.030576412	0.23316929	42	37.51659	100.0006	88.128418
28	1320.3329	1.5636559	0.10337559	1322	0.031525318	0.23615187	42	37.563656	100.0006	88.131958
29	1320.2857	1.6107215	0.10350893	1322	0.032474224	0.23914902	44	37.610722	100.0006	88.135475
30	1320.2385	1.657787	0.10367559	1322	0.033423122	0.2421585	44	37.657787	100.0006	88.138962
31	1319.991	1.7048522	0.30413393	1322	0.034372021	0.24517822	50	37.704853	100.0006	88.142426
32	1320.0436	1.7519172	0.2044006	1322	0.035320912	0.24820629	50	37.751915	100.0006	88.145866
33	1319.8965	1.798982	0.30450966	1322	0.036269799	0.25124097	50	37.798981	100.0006	88.149277
34	1319.9493	1.8460467	0.20461399	1322	0.037218682	0.25428072	50	37.846046	100.0006	88.152664
35	1319.8117	1.8835777	0.30471328	1322	0.037975356	0.24998443	50	37.883575	100.0006	88.155197
36	1319.9742	1.9211085	0.10468225	1322	0.038732026	0.24601527	50	37.921108	100.0006	88.157715
37	1319.8366	1.9586391	0.20473733	1322	0.039488692	0.24235032	50	37.958637	100.0006	88.160217
38	1319.7991	1.9961696	0.20468658	1322	0.040245354	0.23896855	50	37.99617	100.0006	88.162704
39	1319.6616	2.0336998	0.30466311	1322	0.041002009	0.23878257	50	38.033699	100.0006	88.165176
40	1319.7238	2.0712295	0.20488626	1322	0.04175866	0.24212308	50	38.071228	100.0006	88.167633
41	1319.6956	2.0992045	0.20517847	1322	0.042322673	0.2381568	50	38.099205	100.0006	88.16925
42	1319.6675	2.1271772	0.20527137	1322	0.042886637	0.23453711	50	38.127178	100.0006	88.17086
43	1319.439	2.1551471	0.40578201	1321.9999	0.043450546	0.23740576	50	38.155148	100.0006	88.172462
44	1319.511	2.1831141	0.30581351	1321.9999	0.044014398	0.24089822	50	38.183113	100.0006	88.174057
45	1319.383	2.2110782	0.40584788	1322	0.044578187	0.24423273	52	38.211079	100.0006	88.175644
46	1319.5646	2.2295055	0.20588524	1321.9999	0.044949707	0.24327335	54	38.229504	100.0006	88.176399
47	1319.3461	2.2479296	0.40592576	1321.9999	0.045321163	0.24685551	54	38.247929	100.0006	88.177155
48	1319.4281	2.2663503	0.30552106	1321.9999	0.045692544	0.25025585	56	38.26635	100.0006	88.17791
49	1319.4093	2.2847672	0.30583498	1321.9999	0.046063852	0.25349259	58	38.284767	100.0006	88.178665
50	1319.3906	2.30318	0.30615248	1321.9999	0.04643508	0.25692093	58	38.303181	100.0006	88.17942
51	1319.1816	2.3120558	0.50627371	1321.9999	0.046614025	0.2604796	58	38.312054	100.0006	88.179359
52	1319.2726	2.3209271	0.40639879	1321.9999	0.046792887	0.26383626	58	38.320927	100.0006	88.179306
53	1319.1636	2.3297942	0.50656123	1321.9999	0.04697166	0.26700792	58	38.329792	100.0006	88.179253
54	1319.1545	2.3386571	0.50676091	1321.9999	0.047150344	0.27000988	58	38.338657	100.0006	88.179207
55	1319.1455	2.3475192	0.50696091	1321.9999	0.047329016	0.272856	58	38.347519	100.0006	88.179169
56	1319.1457	2.3468473	0.50739424	1321.9999	0.047315471	0.26821917	58	38.346848	100.0006	88.178314
57	1318.9459	2.346175	0.70782758	1321.9999	0.047301915	0.2637752	58	38.346172	100.0006	88.177467
58	1318.9464	2.3455021	0.70802758	1321.9999	0.047288347	0.25951272	58	38.345501	100.0006	88.176636
59	1318.8468	2.3448286	0.80826092	1321.9999	0.047274768	0.25542107	58	38.34483	100.0006	88.175812
60	1318.9472	2.3441544	0.70859425	1321.9999	0.047261175	0.25149041	58	38.344154	100.0006	88.174995
61	1319.1475	2.3434794	0.50890626	1321.9999	0.047247566	0.24771169	58	38.343479	100.0006	88.174187
62	1319.1477	2.3428037	0.50943959	1321.9999	0.047233943	0.24407631	58	38.342804	100.0006	88.173386
63	1319.1479	2.3421271	0.50988244	1321.9999	0.047220305	0.24057642	58	38.342125	100.0006	88.172592
64	1319.1483	2.34145	0.51018955	1321.9999	0.047206651	0.23720464	60	38.34145	100.0006	88.171814
65	1319.0487	2.3407743	0.61046075	1321.9999	0.047193032	0.23395409	60	38.340775	100.0006	88.171043
66	1319.3491	2.340106	0.31069591	1321.9999	0.047179554	0.23081841	60	38.340107	100.0006	88.170273
67	1319.3006	2.3394361	0.35992196	1321.9999	0.047166046	0.22779158	61	38.339436	100.0006	88.16951
68	1319.4007	2.3387668	0.26045529	1321.9999	0.047152556	0.22486798	63	38.338764	100.0006	88.168755
69	1319.401	2.3380973	0.26078459	1321.9999	0.04713906	0.22204244	66	38.338097	100.0006	88.168007
70	1319.4015	2.3374279	0.26101074	1321.9999	0.047125559	0.21931003	68	38.337425	100.0006	88.167267
71	1319.502	2.3367579	0.16120026	1321.9999	0.047112055	0.21666615	68	38.336758	100.0006	88.166534
72	1319.5514	2.3360879	0.11245927	1321.9999	0.047098547	0.21410649	68	38.336086	100.0006	88.16581
73	1319.6517	2.335418	0.012822065	1321.9999	0.047085039	0.21162704	68	38.335419	100.0006	88.165092
74	1319.6519	2.3347268	0.013252681	1321.9999	0.047071103	0.20922399	68	38.334724	100.0006	88.164383
75	1319.5703	2.334034	0.095542089	1321.9999	0.047057137	0.20689376	68	38.334034	100.0006	88.163681
76	1319.5708	2.3333364	0.095743284	1321.9999	0.047043074	0.20463298	68	38.333336	100.0006	88.162979
77	1319.4713	2.3326395	0.19594227	1321.9999	0.047029022	0.20243855	68	38.332638	100.0006	88.162285
78	1319.5718	2.3319407	0.096172555	1321.9999	0.047014933	0.20030744	69	38.33194	100.0006	88.161598
79	1319.5722	2.3312399	0.096504491	1321.9999	0.047000803	0.19823688	69	38.331238	100.0006	88.160919
80	1319.6548	2.3305368	0.014619045	1321.9999	0.046986628	0.1962242	69	38.330536	100.0006	88.16024
81	1319.6553	2.3298316	0.014755131	1321.9999	0.046972409	0.1942669	69	38.32983	100.0006	88.159569
82	1319.656	2.329124	0.014826732	1321.9999	0.046958145	0.19236265	69	38.329124	100.0006	88.158905
83	1319.4565	2.3284142	0.21496726	1321.9999	0.046943832	0.1905092	69	38.328415	100.0006	88.158241
84	1319.4572	2.3277018	0.2150101	1321.9999	0.046929471	0.18870446	69	38.327702	100.0006	88.157585
85	1319.4578	2.326987	0.21508866	1321.9999	0.046915058	0.18694641	71	38.326984	100.0006	88.156937
86	1319.4581	2.3262694	0.21553634	1321.9999	0.046900593	0.18523318	71	38.326267	100.0006	88.156288
87	1319.4587	2.3255494	0.21568653	1321.9999	0.046886075	0.18356296	71	38.32555	100.0006	88.155647
88	1319.4594	2.3248267	0.2157393	1321.9999	0.046871506	0.18193407	71	38.324825	100.0006	88.155014
89	1319.46	2.324101	0.21579471	1321.9999	0.046856876	0.18034489	71	38.3241	100.0006	88.154381
90	1319.4607	2.3233726	0.21585282	1321.9999	0.046842191	0.17879391	71	38.323372	100.0006	88.153755
91	1319.4613	2.3226414	0.21594701	1321.9999	0.046827447	0.17727967	71	38.322639	100.0006	88.15313
92	1319.462	2.3218989	0.21604402	1321.9999	0.046812478	0.17580077	71	38.321899	100.0006	88.152512
93	1319.4622	2.3211632	0.21651035	1321.9999	0.046797644	0.17435592	71	38.321163	100.0006	88.151901
94	1319.4629	2.3204272	0.21657702	1321.9999	0.046782807	0.17294388	71	38.320427	100.0006	88.151291
95	1319.4636	2.3196909	0.21664369	1321.9999	0.046767961	0.17156343	71	38.319691	100.0006	88.150688
96	1319.4643	2.3189545	0.21671035	1321.9999	0.046753116	0.17021348	72	38.318954	100.0006	88.150085
97	1319.5649	2.318218	0.11684369	1321.9999	0.046738263	0.16889292	72	38.318218	100.0006	88.14949
98	1319.6655	2.3174813	0.016943685	1321.9999	0.04672341	0.16760074	72	38.317482	100.0006	88.148895
99	1319.5662	2.3167443	0.11701035	1321.9999	0.046708554	0.16633596	72	38.316742	100.0006	88.1483
100	1319.5668	2.3160074	0.11708901	1321.9999	0.046693694	0.16509762	72	38.316006	100.0006	88.147713
101	1319.5675	2.3152699	0.11713277	1321.9999	0.04667883	0.16388488	72	38.315269	100.0006	88.147125
102	1319.568	2.3145328	0.117354	1321.9999	0.046663966	0.16269684	72	38.314533	100.0006	88.146545
103	1319.6687	2.3137951	0.01739525	1321.9999	0.046649095	0.1615327	72	38.313793	100.0006	88.145966
104	1319.6694	2.3130574	0.017434739	1321.9999	0.04663422	0.16039167	72	38.313057	100.0006	88.145393
105	1319.6699	2.3123195	0.017653857	1321.9999	0.046619345	0.15927303	73	38.312317	100.0006	88.144821
106	1319.6707	2.3115814	0.017657218	1321.9999	0.046604466	0.15817605	74	38.311581	100.0006	88.144257
107	1319.6716	2.3108432	0.01750848	1321.9999	0.046589579	0.15710005	74	38.310841	100.0006	88.143692
108	1319.6723	2.3101048	0.017540122	1321.9999	0.046574693	0.15604438	74	38.310104	100.0006	88.143127
109	1319.673	2.3093665	0.017569617	1321.9999	0.046559803	0.15500841	74	38.309364	100.0006	88.14257
110	1319.6737	2.3086276	0.017630228	1321.9999	0.046544913	0.15399152	74	38.308628	100.0006	88.142014
111	1319.6743	2.3078887	0.017688553	1321.9999	0.046530016	0.15299317	74	38.307888	100.0006	88.141464
112	1319.6749	2.3071496	0.017900261	1321.9999	0.046515115	0.15201278	74	38.307148	100.0006	88.140915
113	1319.6755	2.306411	0.017955034	1321.9999	0.046500225	0.15104982	74	38.306412	100.0006	88.140366
114	1319.6762	2.3056736	0.018040688	1321.9999	0.046485357	0.15010381	74	38.305672	100.0006	88.139824
115	1319.6769	2.3049376	0.018057161	1321.9999	0.046470519	0.14917423	74	38.304935	100.00059	88.139282
116	1319.6776	2.3042021	0.018071056	1321.9999	0.046455685	0.14826061	74	38.304199	100.00058	88.138748
117	1319.6784	2.3034666	0.018082313	1321.9999	0.046440858	0.14736252	75	38.303467	100.00057	88.138214
118	1319.679	2.3027313	0.018190872	1321.9999	0.046426032	0.14647949	76	38.302731	100.00056	88.13768
119	1319.6797	2.3019958	0.018207785	1321.9999	0.046411205	0.14561114	76	38.301994	100.00056	88.137154
120	1319.6804	2.3012495	0.018223037	1321.9999	0.046396162	0.14475703	77	38.30125	100.00055	88.136627
121	1319.6812	2.3005021	0.018247344	1321.9999	0.04638109	0.1439168	77	38.300499	100.00054	88.136108
122	1319.6819	2.2997432	0.018272991	1321.9999	0.046365786	0.14309007	77	38.299744	100.00053	88.13559
123	1319.6826	2.2989824	0.018300342	1321.9999	0.046350453	0.14227648	77	38.298981	100.00053	88.135071
124	1319.6833	2.2982199	0.018362765	1321.9999	0.046335079	0.14147568	77	38.298218	100.00052	88.13456
125	1319.684	2.2974558	0.018426957	1321.9999	0.046319671	0.14068733	77	38.297455	100.00051	88.134048
126	1319.6846	2.2966897	0.018659618	1321.9999	0.04630423	0.13991113	77	38.296688	100.0005	88.133537
127	1319.6851	2.2959218	0.018894112	1321.9999	0.046288747	0.13914675	77	38.295921	100.0005	88.133034
128	1319.6858	2.2951522	0.018930469	1321.9999	0.046273228	0.13839388	77	38.295151	100.00049	88.13253
129	1319.6865	2.2943807	0.019035386	1321.9999	0.046257675	0.13765223	77	38.29438	100.00048	88.132027
130	1319.6872	2.293607	0.019108893	1321.9999	0.046242077	0.13692157	77	38.293606	100.00047	88.131531
131	1319.688	2.2928317	0.01905102	1321.9999	0.046226442	0.13620158	77	38.292831	100.00047	88.131035
132	1319.6886	2.2920542	0.019195129	1321.9999	0.04621077	0.135492	77	38.292053	100.00046	88.130539
133	1319.6893	2.2912748	0.019274581	1321.9999	0.046195053	0.1347926	77	38.291275	100.00045	88.130051
134	1319.6901	2.2904932	0.019322737	1321.9999	0.046179298	0.13410312	77	38.290493	100.00044	88.129562
135	1319.6907	2.2897096	0.019439626	1321.9999	0.046163499	0.13342333	77	38.289707	100.00043	88.129074
136	1319.6915	2.288924	0.019491941	1321.9999	0.046147659	0.13275298	77	38.288921	100.00043	88.128593
137	1319.6922	2.2881362	0.019546376	1321.9999	0.046131779	0.13209189	78	38.288136	100.00042	88.128113
138	1319.6929	2.2873466	0.019602557	1321.9999	0.04611586	0.13143982	78	38.287346	100.00041	88.127632
139	1319.6937	2.2865562	0.019659653	1321.9999	0.046099924	0.13079658	78	38.286556	100.0004	88.127151
140	1319.6944	2.2857649	0.019717682	1321.9999	0.046083968	0.13016193	78	38.285763	100.0004	88.126678
141	1319.595	2.2849727	0.11991	1321.9999	0.046067994	0.1295357	78	38.284973	100.00039	88.126205
142	1319.5957	2.2841792	0.12000328	1321.9999	0.046052001	0.12891774	78	38.28418	100.00038	88.125732
143	1319.5964	2.283385	0.12006421	1321.9999	0.046035986	0.12830779	78	38.283382	100.00037	88.125267
144	1319.5971	2.2825897	0.12015947	1321.9999	0.046019953	0.12770574	78	38.282589	100.00037	88.124802
145	1319.5979	2.2817934	0.12022241	1321.9999	0.0460039	0.12711139	78	38.281792	100.00036	88.124336
146	1319.5984	2.2809961	0.12051972	1321.9999	0.045987826	0.12652457	78	38.280994	100.00035	88.123871
147	1319.5991	2.2801979	0.12055141	1321.9999	0.045971729	0.12594512	78	38.280197	100.00034	88.123413
148	1319.5999	2.2793984	0.12061749	1321.9999	0.045955613	0.12537289	78	38.279396	100.00034	88.122955
149	1319.5006	2.2785983	0.22067305	1321.9999	0.045939483	0.12480773	78	38.278599	100.00033	88.122498
150	1319.5014	2.2777984	0.22072745	1321.9999	0.045923352	0.12424947	78	38.277798	100.00032	88.12204
151	1319.5021	2.2769983	0.22077015	1321.9999	0.045907222	0.123698	79	38.276997	100.00031	88.12159
152	1319.5029	2.2761984	0.22081117	1321.9999	0.045891095	0.12315316	79	38.276199	100.00031	88.12114
153	1319.6036	2.2753983	0.12088381	1321.9999	0.045874964	0.12261482	79	38.275398	100.0003	88.120689
154	1319.6044	2.2745984	0.12092139	1321.9999	0.045858838	0.12208284	79	38.274597	100.00029	88.120239
155	1319.4051	2.2737982	0.3209572	1321.9999	0.045842707	0.12155711	79	38.273796	100.00028	88.119797
156	1319.4059	2.2729983	0.32102454	1321.9999	0.045826577	0.12103749	79	38.272999	100.00027	88.119354
157	1319.5066	2.2721982	0.22105671	1321.9999	0.04581045	0.12052386	79	38.272198	100.00027	88.118912
158	1319.5074	2.2713983	0.22108702	1321.9999	0.045794319	0.12001611	79	38.271397	100.00026	88.118469
159	1319.6082	2.2705982	0.12111544	1321.9999	0.045778189	0.11951412	79	38.270599	100.00025	88.118034
160	1319.6087	2.2697983	0.12134193	1321.9999	0.045762062	0.11901777	79	38.269798	100.00024	88.117599
161	1319.6095	2.2689981	0.12136647	1321.9999	0.045745932	0.11852697	79	38.268997	100.00024	88.117165
162	1319.6103	2.2681983	0.12138903	1321.9999	0.045729801	0.1180416	79	38.268196	100.00023	88.11673
163	1319.4111	2.2673981	0.32140958	1321.9999	0.045713674	0.11756157	80	38.267399	100.00022	88.116302
164	1319.5118	2.2665982	0.22142809	1321.9999	0.045697544	0.11708676	80	38.266598	100.00021	88.115875
165	1319.6126	2.2657981	0.12144453	1321.9999	0.045681413	0.1166171	80	38.265797	100.00021	88.115448
166	1319.6134	2.2649982	0.12145888	1321.9999	0.045665286	0.11615247	80	38.264996	100.0002	88.115021
167	1319.6142	2.2641981	0.12147111	1321.9999	0.045649156	0.11569279	80	38.264198	100.00019	88.114594
168	1319.615	2.2633982	0.1214816	1321.9999	0.045633025	0.11523797	80	38.263397	100.00018	88.114174
169	1319.7158	2.262598	0.021491168	1321.9999	0.045616899	0.11478792	80	38.262596	100.00018	88.113754
170	1319.7166	2.2617981	0.021499805	1321.9999	0.045600768	0.11434256	80	38.261799	100.00017	88.113335
171	1319.7174	2.2609982	0.021507492	1321.9999	0.045584638	0.11390179	80	38.260998	100.00016	88.112915
172	1319.7182	2.2601981	0.021514212	1321.9999	0.045568511	0.11346556	80	38.260197	100.00015	88.112503
173	1319.719	2.2593982	0.021519948	1321.9999	0.04555238	0.11303374	80	38.259396	100.00014	88.112091
174	1319.7197	2.2585981	0.021524685	1321.9999	0.045536254	0.11260631	80	38.258598	100.00014	88.111679
175	1319.6205	2.2577982	0.12156174	1321.9999	0.045520123	0.11218315	80	38.257797	100.00013	88.111267
176	1319.6213	2.2569981	0.12156443	1321.9999	0.045503993	0.11176421	80	38.256996	100.00012	88.110855
177	1319.5221	2.2561982	0.22156608	1321.9999	0.045487862	0.1113494	80	38.256199	100.00011	88.110443
178	1319.5229	2.255398	0.22156667	1321.9999	0.045471735	0.11093868	80	38.255398	100.00011	88.110039
179	1319.5237	2.2545979	0.22156667	1321.9999	0.045455605	0.11053195	80	38.254597	100.0001	88.109634
180	1319.6245	2.253798	0.12156667	1321.9999	0.045439474	0.11012915	80	38.253796	100.00009	88.10923
test	A_wood	PASS	abs=2.253798 dFree=2.375498 dTotal=-0.000134 interior=0.136595 surface=1.233902 dMass=2.253796 splash=0.121567
test	B_stone	PASS	stone absorbed slowly and weakly
test	C_glass	PASS	glass absorbed ~0
test	D_metal	PASS	metal absorbed ~0
test	E_rotated_wood	PASS	rotated wood still absorbed
test	F_fracture	PASS	fragments conserved moisture, bodies=2
perf_ms_per_tick	6.61459
summary	PASS	6 passed, 0 failed
