test	invalid_graph_unknown	PASS	
test	water_unsupported	PASS	unsupported-oxygen
test	h2_unsupported	PASS	unsupported-hydrogen
test	o2_unsupported	PASS	unsaturated
test	co2_unsupported	PASS	unsaturated
test	methane_unsupported	PASS	unsupported-carbon
test	charged_unsupported	PASS	charged
test	ring_unsupported	PASS	cyclic
test	nitrogen_unsupported	PASS	unsupported-element
test	cc_double_unsupported	PASS	unsaturated
test	cc_triple_unsupported	PASS	unsaturated
test	c2h6o_a_fragmentation_ok	PASS	
test	a_ch3_count_1	PASS	1
test	a_ch2_count_1	PASS	1
test	a_oh_count_1	PASS	1
test	a_ether_count_0	PASS	0
test	a_tb_337_54	PASS	337.540009
test	a_source_structural_estimate	PASS	structural-estimate
test	a_confidence_low	PASS	low
test	c2h6o_b_fragmentation_ok	PASS	
test	b_ch3_count_2	PASS	2
test	b_oh_count_0	PASS	0
test	b_ether_count_1	PASS	1
test	b_tb_267_78	PASS	267.779999
test	b_source_structural_estimate	PASS	
test	b_confidence_low	PASS	
test	a_b_molar_mass_equal	PASS	
test	a_b_boiling_points_differ	PASS	
test	a_tb_greater_than_b	PASS	
test	tb_difference_69_76	PASS	69.760010
test	ethanol_topology_vs_literature	PASS	joback=337.540009 ref=351.44 err=-13.899994
test	dme_topology_vs_literature	PASS	joback=267.779999 ref=248.3 err=19.479996
test	isobutane_exercises_ch	PASS	1
test	neopentane_exercises_quaternary_c	PASS	1
test	atom_permutation_preserves_groups_and_tb	PASS	
test	bond_reorder_preserves_groups_and_tb	PASS	
test	reversed_endpoints_preserve_groups_and_tb	PASS	
test	failed_estimation_resets_unknown	PASS	
test	joback_not_in_canonical_signature	PASS	molecule|1:2,8:1|water
test	higher_quality_not_overwritten_by_joback	PASS	
test	catalog_a_joback_tb	PASS	337.540009
test	catalog_b_joback_tb	PASS	267.779999
test	unsupported_joback_still_attaches_graph	PASS	
test	c2h6o_a_bundle_ok	PASS	
test	a_tc_contribution_sum_0_1071	PASS	0.107100
test	a_pc_contribution_sum_0_0100	PASS	0.010000
test	a_vc_contribution_sum_149	PASS	149.000000
test	a_tc_499_407	PASS	499.407379
test	a_pc_5_75664e6	PASS	5756641.500000
test	a_vc_1_665e-4	PASS	0.000167
test	a_critical_structural_estimate_low	PASS	
test	c2h6o_b_bundle_ok	PASS	
test	b_tc_contribution_sum_0_0450	PASS	0.045000
test	b_pc_contribution_sum_minus_0_0009	PASS	-0.000900
test	b_vc_contribution_sum_148	PASS	148.000000
test	b_tc_428_174	PASS	428.173981
test	b_pc_4_91080e6	PASS	4910798.000000
test	b_vc_1_655e-4	PASS	0.000165
test	b_critical_structural_estimate_low	PASS	
test	a_b_tc_differ	PASS	
test	a_b_pc_differ	PASS	
test	a_b_vc_differ	PASS	
test	atom_permutation_preserves_joback_bundle	PASS	
test	bond_reorder_preserves_joback_bundle	PASS	
test	reversed_endpoints_preserve_joback_bundle	PASS	
test	water_all_joback_unknown	PASS	
test	methane_all_joback_unknown	PASS	
test	unsaturated_all_joback_unknown	PASS	
test	critical_properties_not_in_canonical_signature	PASS	molecule|1:2,8:1|water
test	catalog_a_joback_critical_and_unspawnable	PASS	
test	same_graph_reattach_backfills_critical	PASS	
test	same_graph_backfill_preserves_reference_high	PASS	
test	a_omega_0_556081	PASS	0.556081
test	b_omega_0_193764	PASS	0.193764
test	a_b_omega_structural_estimate_low	PASS	
test	a_vapor_model_from_joback_bundle	PASS	
test	b_vapor_model_from_joback_bundle	PASS	
test	a_psat_at_tb_approx_1_atm	PASS	101325.022224
test	b_psat_at_tb_approx_1_atm	PASS	101324.965725
test	a_psat_at_tc_equals_pc	PASS	5756641.500000
test	b_psat_at_tc_equals_pc	PASS	4910798.000000
test	a_omega_definition_at_tr_0_7	PASS	
test	b_omega_definition_at_tr_0_7	PASS	
test	a_psat_tr_0_6	PASS	17651.875123
test	a_psat_tr_0_7	PASS	159998.701868
test	a_psat_tr_0_8	PASS	741478.770867
test	a_psat_tr_0_9	PASS	2306953.479879
test	b_psat_tr_0_6	PASS	63957.775641
test	b_psat_tr_0_7	PASS	314340.586856
test	b_psat_tr_0_8	PASS	990253.549050
test	b_psat_tr_0_9	PASS	2382665.526599
test	a_psat_monotonic_sampled_tr	PASS	
test	b_psat_monotonic_sampled_tr	PASS	
test	psat_rejects_t_above_tc	PASS	
test	psat_rejects_nonpositive_t	PASS	
test	psat_rejects_invalid_tc	PASS	
test	psat_rejects_invalid_pc	PASS	
test	psat_rejects_nan_inf_inputs	PASS	
test	water_no_joback_omega	PASS	
test	methane_no_joback_omega	PASS	
test	omega_not_in_canonical_signature	PASS	molecule|1:2,8:1|water
test	vapor_model_not_in_canonical_identity	PASS	molecule|1:2,8:1|water
test	same_graph_reattach_backfills_omega	PASS	
test	same_graph_backfill_preserves_reference_high_omega	PASS	
test	generated_record_still_unspawnable	PASS	
test	a_hvap_contribution_sum_21_425	PASS	21.425000
test	a_hvap_tb_36725	PASS	36725.000000
test	b_hvap_contribution_sum_7_156	PASS	7.156000
test	b_hvap_tb_22456	PASS	22456.000000
test	a_b_hvap_differ	PASS	
test	a_b_hvap_structural_estimate_low	PASS	
test	a_watson_model_builds	PASS	
test	b_watson_model_builds	PASS	
test	a_watson_molar_mass_0_046069	PASS	0.046069
test	b_watson_molar_mass_0_046069	PASS	0.046069
test	a_hvap_at_tref_36725	PASS	36725.000000
test	b_hvap_at_tref_22456	PASS	22456.000000
test	a_hvap_at_tc_zero	PASS	0.000000
test	b_hvap_at_tc_zero	PASS	0.000000
test	a_watson_tr_0_6	PASS	39781.114451
test	a_watson_tr_0_7	PASS	35661.550831
test	a_watson_tr_0_8	PASS	30569.303742
test	a_watson_tr_0_9	PASS	23490.602115
test	b_watson_tr_0_6	PASS	23022.868533
test	b_watson_tr_0_7	PASS	20638.717839
test	b_watson_tr_0_8	PASS	17691.637625
test	b_watson_tr_0_9	PASS	13594.919391
test	a_specific_latent_tb_797174	PASS	797173.800286
test	b_specific_latent_tb_487443	PASS	487442.746337
test	watson_rejects_t_above_tc	PASS	
test	watson_rejects_nonpositive_t	PASS	
test	watson_rejects_nan_inf	PASS	
test	watson_rejects_invalid_model	PASS	
test	sampled_hvap_decreases_toward_tc	PASS	
test	water_no_joback_hvap	PASS	
test	methane_no_joback_hvap	PASS	
test	hvap_not_in_canonical_signature	PASS	molecule|1:2,8:1|water
test	watson_model_not_in_canonical_identity	PASS	molecule|1:2,8:1|water
test	same_graph_reattach_backfills_hvap	PASS	
test	same_graph_backfill_preserves_reference_high_hvap	PASS	
test	generated_record_still_unspawnable_after_hvap	PASS	
summary	PASS	141 passed, 0 failed
