test	fresh_catalog_empty	PASS	
test	water_resolves_builtin	PASS	
test	water_creates_zero_generated	PASS	0
test	co2_resolves_builtin	PASS	
test	synthetic_creates_one_generated	PASS	
test	generated_record_not_spawnable	PASS	
test	display_name_element_hex	PASS	Element #1
test	same_identity_same_handle	PASS	
test	same_identity_does_not_increment	PASS	1
test	reordered_entries_same_record	PASS	
test	formula_text_ignored	PASS	
test	different_structure_different_record	PASS	
test	different_element_hex	PASS	Element #2
test	ambiguous_molecule_rejected	PASS	
test	inexact_identity_rejected	PASS	
test	malformed_elemental_count_rejected	PASS	
test	tiny_signature_buffer_fails	PASS	
test	no_truncated_signature_in_cache	PASS	
test	record_pointer_stable_across_insertions	PASS	
test	c2h6o_a_molar_mass_known	PASS	
test	c2h6o_b_molar_mass_known	PASS	
test	c2h6o_masses_equal	PASS	
test	c2h6o_chemically_distinct	PASS	
test	molar_mass_source_identity_derived	PASS	
test	molar_mass_confidence_high	PASS	
test	generated_still_not_spawnable	PASS	
test	unsupported_element_still_cataloged	PASS	
test	unsupported_element_molar_mass_unknown	PASS	
test	unknown_molar_mass_does_not_change_signature	PASS	
test	clear_returns_empty	PASS	
summary	PASS	30 passed, 0 failed
