id	internal_name	classification	composition_kind	solid_capable	liquid_capable	gas_capable	mechanical_valid	fluid_valid	thermal_valid	porous_valid	chemical_valid	electrical_valid
0	none	unknown	unknown	0	0	0	0	0	0	0	0	0
1	water	pure	pure_chemical	1	1	1	1	1	1	0	1	0
2	honey	mixture	mixture	1	1	0	0	1	1	0	0	0
3	wood	biological	composite	1	0	0	1	0	1	1	1	0
4	stone	mixture	mixture	1	0	0	1	0	1	1	0	0
5	glass	mixture	mixture	1	1	0	1	0	1	0	0	0
6	metal	mixture	mixture	1	1	0	1	0	1	0	0	0
7	air	mixture	mixture	0	0	1	0	0	1	0	0	0
8	hydrogen	pure	pure_chemical	0	0	1	0	0	1	0	1	0
9	oxygen	pure	pure_chemical	0	0	1	0	0	1	0	1	0
10	carbon	pure	pure_chemical	1	0	0	1	0	1	0	1	0
11	carbon_dioxide	pure	pure_chemical	0	0	1	0	0	1	0	1	0
test	ids_unique	PASS	
test	names_unique	PASS	
test	table_index_matches_id	PASS	
test	builtin_count	PASS	12
test	none_is_slot_zero	PASS	
test	none_no_fake_physics	PASS	
test	invalid_lookup_fallback_none	PASS	
test	invalid_lookup_no_crash	PASS	substanceDef(999) returned
test	invalid_lookup_no_fake_valid	PASS	
test	invalid_lookup_wide	PASS	
test	water_fluid_valid	PASS	
test	water_thermal_valid	PASS	
test	water_mechanical_valid	PASS	
test	water_ice_density_below_liquid	PASS	0.917000
test	water_ice_not_stone	PASS	
test	water_ice_adapter	PASS	
test	water_porous_invalid	PASS	
test	water_electrical_inactive	PASS	
test	water_density	PASS	1.000000
test	water_viscosity	PASS	0.006000
test	water_surface_tension	PASS	0.055000
test	water_specific_heat	PASS	4184.000000
test	water_conductivity	PASS	0.598000
test	water_melting_phase	PASS	
test	water_boiling_phase	PASS	
test	sandbox_reference_is_water_fluid	PASS	
test	wood_mechanical_valid	PASS	
test	wood_porous_valid	PASS	
test	wood_fluid_invalid	PASS	
test	wood_density_rel	PASS	0.450000
test	wood_porosity	PASS	0.550000
test	wood_adapter_density	PASS	
test	metal_mechanical_valid	PASS	
test	metal_porous_invalid	PASS	
test	metal_fluid_invalid	PASS	
test	metal_density_rel	PASS	7.800000
test	metal_adapter_density	PASS	
test	air_gas_capable	PASS	
test	air_fluid_invalid	PASS	
test	air_mechanical_invalid	PASS	
test	air_thermal_valid	PASS	
test	air_specific_heat	PASS	1005.000000
test	honey_fluid_valid	PASS	
test	honey_mechanical_invalid	PASS	
test	honey_density	PASS	1.420000
test	honey_chemical_unknown	PASS	mixture; no fake formula
test	glass_porous_invalid	PASS	
test	glass_mechanical_valid	PASS	
test	static_wall_is_stone	PASS	
test	static_wall_thermal_matches_stone	PASS	
test	all_electrical_inactive	PASS	
test	hydrogen_gas_only	PASS	
test	hydrogen_flammable	PASS	2.016000
test	oxygen_gas_only	PASS	
test	oxygen_oxidizer	PASS	31.997999
test	carbon_solid_only	PASS	
test	carbon_molar_mass	PASS	12.011000
test	co2_gas_only	PASS	
test	co2_molar_mass	PASS	44.009499
test	water_sace_identity_exact	PASS	
test	hydrogen_sace_identity_exact	PASS	
test	oxygen_sace_identity_exact	PASS	
test	carbon_sace_identity_exact	PASS	
test	co2_sace_identity_exact	PASS	
test	honey_sace_identity_unknown	PASS	
test	air_sace_identity_mixture	PASS	
test	wood_sace_identity_composite	PASS	
test	metal_sace_identity_not_iron	PASS	
test	sace_does_not_use_display_name	PASS	
test	no_ice_or_steam_slots	PASS	
summary	PASS	70 passed, 0 failed
