case	tick	energy	active_chunks	active_cells	pairs	thermal_ms	extra	pass
mix_hot_cold	90	5.86412e+10	55	14080	6218	1.8377	314.714	1
metal_vs_wood	60	312.522	24	6144	118	0.3317	293.15	1
moving_hot_liquid	90	4.91032e+10	60	13824	4531	2.2635	426935	1
moving_rigid	8	359.732	20	5120	379	0.6006	293.199	1
rigid_fracture	5	420	0	0	0	0.0053	293.15	1
thermal_sleep	40	0.0005	0	0	0	0.0005	0	1
energy_conservation	120	2.58126e+10	35	8960	2718	1.5255	3.05157e-07	1
energy_conservation_T	120	280.001	35	8960	2718	1.5255	330	1
conduction_overshoot	1	340	35	8960	2718	1.5255	340	1
ambient_seed_spread	0	0	0	0	0	0.0008	293.15	1
ambient_idle_spread	60	0	0	0	0	0.0008	293.15	1
