test	hot_water_vaporizes	PASS	boiled_kg=10.84920628 vapor_kg=9.554436608
test	boil_mass_conserved	PASS	dLiq=9.554443382 dVap=9.554436608 boiled=10.84920628 condensed=1.294769735
test	no_steam_id	PASS	
test	vapor_reports_water_gas	PASS	
test	temperature_near_boiling	PASS	Tmin=382.0712585 Tmax=397.9172363 Tb=373.1499939 TsatP=404.899231 pmax_atm=2.79823947
test	sealed_pressure_rises	PASS	pmax_atm=2.79823947
test	vapor_not_inside_solids	PASS	
test	cooling_condenses	PASS	condensed_kg=11.15420244 vap_after=3.002643618
test	condense_mass_cycle	PASS	before=328.1249932 after=328.1249658
test	latent_released_on_condense	PASS	J=25208497.52
test	closed_energy_with_latent	PASS	rel=0.02431145435 E0=2186210674 E1=2133060713
test	no_nan_inf_negK	PASS	
test	repeat_phase_cycle_mass	PASS	start=15.625 end=15.62496416
test	honey_mixture_does_not_boil	PASS	boiled=0
test	open_boundary_vapor_accounted	PASS	start=15.625 remain=15.62499991 escaped_vapor_kg=0
test	no_ice_id	PASS	
summary	PASS	16 passed, 0 failed
